Smiles,Pred,Target
C12C(C3(C(=CC(=O)C=C3)C(C2)C)C)(C(CC2(C1CCC2(C(=O)CO)O)C)O)F,0.5001599788665771,0.0
[C@H]1([C@H]([C@@H](C)C)CCC(=CCCC(=C1)C)C)OC(=O)/C(=C/C)C,0.5010955929756165,0.0
[C@@H](C#CC#CCCCC/C=C/C#C/C=C/Br)(CO)O,0.5024253726005554,0.0
s1cccc1C1CN(C(=O)C(NC(CCc2ccccc2)C(=O)O)CS1)CC(=O)O,0.5025514960289001,0.0
[C@@H]12[C@H]([C@@H](C(=C)C[C@@H]([C@@H]1[C@H](CC/C=C(\C)C)C)OC(=O)C)CC=C2C=O)OC(=O)C,0.5037451386451721,0.0
[C@H](C(=O)OC)(C[C@H](CCC)C)C,0.5043523311614989,0.0
c1cc(sc1)C(=O)Oc1ccc2c(c1)O/C(=C\c1ccncc1)C2=O,0.5049747228622437,0.0
[C@]12([C@@]3([C@@H](c4c(CC3)c(ccc4)C)CC[C@@H]1[C@H]1[C@@]3(CC2)CO[C@@H]1[C@](CC3)(C)C)C)C,0.5051880478858948,0.0
n1(C2C(C(C(O2)COP(=O)(O)O)NC(=O)C(Cc2ccc(cc2)O)NC(=O)C)O)c2c(nc1)c(ncn2)NC,0.5053905248641968,0.0
[C@]12([C@@H]([C@@](C(=O)OC)(CCC2)CO)CCC(=C)[C@H]1CCc1cocc1)C,0.5053957104682922,0.0
[C@]123[C@H]([C@@](O[C@@H]1CC(=O)O3)(CO)C)CC[C@H]1[C@@](C2)(C[C@H]2[C@@H]1OC(=O)C[C@]2(C(=O)[C@@H](/C=C1\OC(=O)C(=C1)C)C)C)O,0.5057602524757385,0.0
COc1cc(ccc1O[C@@H](CO)[C@](c1ccc(c(c1)OC)O)(O)O)/C=C/CO,0.5077574253082275,0.0
[C@@]12([C@@]([C@H]3[C@@H](CC2)[C@@]2([C@H](CC3)C[C@H](CC2)O[C@H]2C[C@@H]([C@H]([C@@H](O2)C)O)OC)C)(C[C@@H]([C@@H]1C1=CC(=O)OC1)OC(=O)C)O)C,0.5092746615409851,0.0
[C@]12([C@@H]([C@@]1(C)C)[C@@H]1[C@]([C@@H]([C@H]2OC(=O)c2c(cccc2)NC)C)([C@H]2[C@H](CC(=C1)C=O)C(=O)C(=C2)C)O)OC(=O)C,0.5093510150909424,0.0
[C@H]1(/C(=C(/C=O)C)CC[C@]([C@@]1(C)CC/C(=C/[C@@H](C/C=C(/CC/C=C(/C)C)C)O)C)(C)O)CCCO,0.5097929239273071,0.0
[C@H](CCCCCC(=O)OC)(CCCCCCCCC)OC,0.5103063583374023,0.0
CCOC(=O)c1c2cc(ccc2oc1c1ccccc1)OC(=O)c1cccs1,0.5105975866317749,0.0
[C@]12([C@@H]3[C@H]([C@](O2)(C)C)C[C@](C1=O)(C(=C3C(=O)c1cc(c(cc1)O)O)O)C/C=C(/CC/C=C(\CC/C=C(\C)C)C)C)C/C=C(\CC/C=C(\C)C)C,0.5112453103065491,0.0
[C@H]1([C@H](O1)CCCO)/C=C/c1sc(cc1)C#C,0.5119637250900269,0.0
[C@]123[C@]4([C@@H]([C@@]5([C@@](CC4)(O[C@@H](C5)c4cocc4)C)C)C=C[C@@H]2[C@H]2O[C@@H]1C(=C2)CC[C@@]1([C@@H]2[C@](C(=CCC2)C(=O)O)(CC[C@H]1C)C)C)COC3=O,0.5121397972106934,0.0
[C@H]12[C@](C(=CCC2)COC(=O)CC(=O)OC)(CC[C@H]([C@@]1(CCc1cocc1)C)C)C,0.5133370161056519,0.0
c1cc(cc(c1)Cl)COc1ccc2c(c1)occ(c2=O)c1ccc(cc1)Cl,0.5138961672782898,0.0
C(=O)([C@@H](CC)C)OCCCCC,0.5144368410110474,0.0
CCOC(=O)CCc1cc2ccoc2c(c1O[C@H]1[C@@]2([C@@H]3[C@H]4C=C[C@H]([C@@]3(C=C[C@H]4[C@@]([C@@H]2O)([C@H](O1)CO)O)CO)O)O)OCC[NH2+]CCC[C@H](C)C,0.5144407153129578,0.0
C/C(=N\NC(=S)Nc1ccccc1)c1c(=O)c2ccccc2n(c1[O-])c1ccccc1,0.5144628882408142,0.0
c1(c2oc3c(c(=O)c2)c(c(cc3)OC)OC)c(c(cc(c1OC)OC)OC)OC,0.5147465467453003,0.0
C1CC(=C[C@H]1CCCCCCCC/C=C/CCC(=O)[O-])CO,0.5152679085731506,0.0
C[NH2+]C[C@@]1(CC[C@H](C1)CCO[C@H]1CCCCC1)Oc1cc(cc(c1O)NC(=[NH2+])NC)CC/C=C/C(=O)[C@@]1(CCCC1)Cc1ccc(c(c1)OC)O,0.5160171389579773,0.0
[C@]12([C@@]([C@H](CC2)[C@H](C(=O)O)CCC(=C)[C@H](C)C)(CCC2=C1[C@@H](C[C@@H]1[C@@]2(CCC(=O)[C@@]1(C)C)C)O[C@H]1[C@@H]([C@H]([C@@H]([C@H](O1)CO)O)O)O)C)C,0.5160531401634216,0.0
[C@]12([C@H]3N(CC2)C[C@H]2[C@H](C3)[C@H]([C@@H](CC2)O)C(=O)OC)C(=O)c2c(N1)cccc2,0.5165367722511292,0.0
COc1cc(c2c(c1)[C@H]([C@H](CO2)[C@@H]1COc2ccc3c(c2[C@@H]1O)CCCO3)O)Cc1cc(ccc1c1cccc(c1)O)O,0.5175190567970276,0.0
[C@@H]12[C@H]3[C@H](C=C[C@H]2[C@@H](C=CC=C[C@@H](OC(=O)[C@H](C(=O)[C@@](C1=O)(Cl)Cl)C)C)C)CC(=C[C@H]3C)C,0.5175939798355103,0.0
C1(OC(C(C(C1O)O)O)CO)OC(=O)CCCCCC,0.5176331400871277,0.0
CCC(=O)Oc1ccc2c(c1)oc(c(c2=O)Oc1cccc(c1)OC)[C@@](F)(F)F,0.5182619094848633,0.0
N1([C@H]2C(=O)N[C@H](C(=O)NC=Cc3ccc(O[C@@H]2CC1)cc3)Cc1ccccc1)C(=O)[C@@H](NC(=O)[C@@H](N(C)C)[C@H](CC)C)[C@H](C)C,0.5193536877632141,0.0
[C@@]12([C@H]([C@H]3C(=CC2)[C@@]2([C@@H]([C@H](C3)O)C[C@H](CC2)O)C)CCC\1=C(/CC/C=C(/C)C)C)C,0.5207759737968445,0.0
COc1ccccc1/C=C/C=C\1C(=O)c2ccc(cc2O1)OC(=O)c1ccccc1Cl,0.5211116075515747,0.0
N1([C@H](c2cnccc2)CCC1)C(=O)C[C@H](CCCCCCCC[C@H](C)C)O,0.5223564505577087,0.0
COc1cc(c(cc1OC)OC)/C=C\1C(=O)c2ccc(cc2O1)OC(=O)c1ccccc1F,0.5225081443786621,0.0
C12C3C(C4(C(=CC(=O)NCC4)CC3)C)CCC1(C(CC2)C(CCCC(C)C)C)C,0.5225294828414917,0.0
[C@@]12([C@H]([C@H]3[C@H](CC2)[C@@]2([C@@H](C(=O)OC3)C[C@@H](CC2)O)C)CC[C@@H]1[C@@H]([C@H]([C@@H]([C@H]([C@H](C)C)C)O)O)C)C,0.5225452780723572,0.0
C1(=C[C@@H](OC1=O)O)CC/C=C(/CC/C=C(/C)C)C,0.5225722789764404,0.0
C12(OC(C(O1)C(C(C2)O)NC(=O)C)C(CO)O)C(=O)O,0.5228472352027893,0.0
COc1cccc(c1C(=O)Oc1ccc2c(c1)O/C(=C\c1ccc(cc1)[N+](=O)[O-])C2=O)OC,0.5244128704071045,0.0
c1(N(C(c2ccc(c(c2)F)C)CC2CC2)CC#C)sc(c(n1)c1cc(c(cc1Cl)OC)C)C,0.5247852206230164,0.0
COc1ccc(cc1)C(=O)Oc1ccc2c(c1)O/C(=C\c1cccc(c1)Br)C2=O,0.5262104868888855,0.0
c12c(C(=O)O[C@@H](C1)CCCCCCCCC[C@@H](OC)C)c(cc(c2)O)O,0.527366042137146,0.0
Cc1ccccc1C(=O)Oc1ccc2c(c1)oc(c(c2=O)c1ccccc1OC)[C@@](F)(F)F,0.5278036594390869,0.0
[C@@]12([C@@H](c3c(C(=O)[C@H]1CC[C@@H]([C@@H]2C)OC(=O)/C(=C\C)C)occ3C)OC(=O)/C(=C\C)C)C,0.5290840268135071,0.0
CC#Cc1ccc(s1)c1ccc(s1)C(=O)[C@H]1CC[C@H](C[C@]21CC[C@]1(C2)CCCC1)[C@@H](Cc1cc(cc(c1)O)NC[C@H](C)O)NC(=[NH2+])NC,0.5296674370765686,0.0
C[C@H](CCCc1ccccc1)CC[C@@H]([C@]12[C@@H](CC[C@@]3([C@@H]1[C@]1(C[C@@]([C@@]2(CCC2=CC(=O)OC2)O)(C#CC[C@]2(CCC[C@H](C2)Cc2ccccc2)C(=O)O1)C)NN[C@@H]1[C@H]3CCC1)C)O)O,0.5300543904304504,0.0
CC1=C2C[C@H]3CC[C@H]([C@@]2([C@@]3(C)CCc2ccc(cc2)O)CC1=O)CCCCO,0.5303787589073181,0.0
[C@H](CCCC)(O)C,0.5303816795349121,0.0
[C@]123[C@@H]([C@H]4[C@](O4)([C@H]([C@]4([C@H]1C=C(C4=O)C)O)O)CO)[C@@H]1[C@](C[C@H]2C)(O[C@](O3)(O1)CCCCCCCCCCC)C(=C)C,0.5314497947692871,0.0
CCN(CC)C(=O)Oc1ccc2c(c1)occ(c2=O)c1ccc(cc1)Cl,0.5314605832099915,0.0
[C@]1([C@H]2[C@H]1CC[C@@]1([C@H]3[C@@H]2C(=CO[C@@H]3OC(=O)C)COC(=O)C)OC1)(COC(=O)C)C,0.5315306186676025,0.0
C[C@@H]1[C@H]2C[C@H]3C(=O)N4C[C@@H]4CC#C[C@]45CC[C@@]6([C@H](CC[C@]6(C4=CC(=O)[C@H]4[C@@]5(CC[C@@H](C4)OCCCOC)C)O)[C@]([C@@H]([C@H]1O[C@@H]2[C@@H](N3)O)O)(C)O)[C@@H]1CCCCC1,0.5318982005119324,0.0
[C@]12([C@]([C@H]3C[C@@H]1[C@@H]2C3)(CCC(=O)OC)C)C,0.5321369767189026,0.0
Cc1cc(c(c2c1C(=O)/C(=C/c1cc(c(c(c1)OC)OC)OC)O2)C[NH+]1CCCC1)O,0.5324527621269226,0.0
[C@]12([C@@](C3=CC[C@@H]4[C@@]([C@H]3CC2)(CCC(=O)[C@@]4(C)C)C)(CC[C@@]1([C@H](C[C@H]([C@@H]([C@@](O)(C)C)O)O)C)C)C)C,0.5331137180328369,0.0
C12=CC(=O)C3C(C2CCC2(C1(CCC2C(CCCC(C)C)C)O)C)(CCC(=O)C3)C,0.533329963684082,0.0
COc1cccc2c1oc(c2)c1cc(=O)oc2c1cc(c(c2)c1ccccc1)OC(=O)[C@@H]1CC1,0.5334916114807129,0.0
C[C@H]1[C@H]([C@H]([C@H]([C@H](O1)Oc1c(c(c2c(c1CC1=C[CH2+]N=C1)C(=O)c1cc(ccc1C2=O)OC(=O)C)O)CCCCO)O)O)O,0.5336395502090454,0.0
C1(C(C(C(C(O1)C)O)OC)OC(=O)C)OC1CC2C(C3C4C(O4)C4(C(C3CC2)(CCC4C2=CC(=O)OC2)O)C)(CC1)C=O,0.5338503122329712,0.0
C12=C(C[C@H]([C@@H]1[C@@H](CC[C@H]2/C=C(/C(=O)O)C)C)OC(=O)C)C,0.5342166423797607,0.0
[C@@]123[C@]([C@]4([C@H](CC3)[C@@]3([C@@H](CC4)[C@@]([C@H](CC3)OC(=O)C)(C=O)C)C)C)(CC[C@@]3([C@H]1C[C@](CC3)(C)C)C(=O)O2)C,0.535306453704834,0.0
C12=CC(=O)C3C(C2CCC2(C1(CCC2C(CCCC(C)C)C)O)C)(CCC(C3)O)C,0.5379995107650757,0.0
[C@@]123[C@@H](N(c4c1cc(c(c4)OC)OC)C(=O)C)[C@H]1[C@H](C(=CN(CC3)C)C=COC1)CC2=O,0.5385140180587769,0.0
C1CN2CC3=CCO[C@H]([C@@H]4[C@H]3C[C@@H]2[C@]21[C@H]4NC1=C(C(=O)C(=O)C=C21)[N+](=O)[O-])CC(=O)[O-],0.539089560508728,0.0
[C@]12([C@@]([C@H]3[C@@H](C(=O)[C@H]1O)[C@@]1([C@H](CC3)C[C@H](CC1)O)C)(CC[C@@H]2C1=CC(=O)OC1)O)C,0.5402100682258606,0.0
c1(c(cc(cc1)/C=C\C(=O)NCCc1ccc(cc1)O)OC)OC(=O)/C=C/c1cc(c(cc1)O)OC,0.5410892963409424,0.0
CCCCC[C@@H]1C[C@@H](CC[NH2+]1)[C@@H](C/C=C\1C2=C([C@H]3[C@@H](CC2)[C@H]2CC[C@]43/C(=C/[C@H](CC)Cc3ccccc3)OC(=O)C4=C2c2cc(ccc2c2cccc(c2)C[NH2+]C)O)C(=O)O1)CO,0.54244464635849,0.0
c12c(=O)c(c3cc(c(cc3)O)C/C=C(/C)C)coc2cc(c(c1O)C[C@H](C(=C)C)O)O,0.5432557463645935,0.0
C1(OC(C(CO)C(O)C1O)S/C(=N\OS(=O)(=O)O)Cc1ccccc1)O,0.5434035062789917,0.0
[C@@]12([C@](C3=CC[C@@H]4[C@@](C3=C[C@@H]2O)(C[C@H]([C@@H]([C@@]4(C)C)O)O)C)(CC[C@@H]1[C@@H](CC[C@H]([C@@](O)(C)C)O)CO)C)C,0.5438454747200012,0.0
CC(=O)O[C@H](CCc1ccc(c(c1)OCCO)O)CC(=O)C[C@H]1c2cc(c(cc2C=C[C@@H]2[C@@H]1CCCC2)O)OC,0.5439898371696472,0.0
c1(c(cc(c(c1)c1c(c(c(c(c1Cl)Cl)O)Cl)Cl)Cl)Cl)Cl,0.545973002910614,0.0
c1ccc(cc1)CC[C@H]1c2cc(c(cc2N([C@H]1C(=O)[O-])C(=O)/C=C/c1ccc(cc1)O)O[C@H]1[C@@H]([C@H]([C@@H]([C@H](O1)CO)O)O)O)O,0.5459988713264465,0.0
[C@@]1(C(=CC(=O)C(=C1)CC=C)OC)([C@@H](Cc1cc(c(cc1)OC)OC)C)OC,0.5477453470230103,0.0
c12c(c(=O)c(co2)c2ccccc2)ccc(c1)OC1OC(C(C(C1O)O)O)CO,0.5484654307365417,0.0
Cc1c(c2cc(ccc2o1)OCc1ccc(cc1Cl)Cl)C(=O)OCCOC,0.5485300421714783,0.0
[C@H](c1cc2c(cc1)OCO2)(c1cc(c(cc1)OC)OC)[C@H]([C@@H](COC(=O)C)C)C,0.5490070581436157,0.0
C1(C/C=C\C/C=C\CC)C(C(CC1O)O)/C=C/C(C/C=C\CCC(=O)O)O,0.5496976375579834,0.0
[C@@]12([C@]([C@H]3[C@@](CC2)(C[C@@H]([C@](C3)(C)C)O)C)(CC[C@@]2([C@@H]1C[C@H]([C@]1([C@H]2CCC(=O)[C@@H]1C)C)O)C)C)C,0.5498296618461609,0.0
c1(c2C=c3c(c(c(=Cc4c(c(c(C=c5[nH]c(=Cc(c1C)[nH]2)c(c5C)CC)[nH]4)CC)C)[nH]3)C)CC)CC,0.5518195629119873,0.0
C1(OC(=O)NC(C(CN(S(=O)(=O)c2ccc(cc2)OC)CC(C)C)O)Cc2ccccc2)C2C(OC1)OCC2,0.551837146282196,0.0
C1(OC2OC(C(C(C2O)O)O)CO)OC(C(C(C1O)O)O)COC(=O)CCCCCCCCCCCCCCC,0.5519042611122131,0.0
CCOC(=O)CCC[P@@+](c1ccccc1)(c1ccccc1)c1ccccc1,0.5523185729980469,0.0
[C@@]1(C[C@@H]([C@H]([C@H](C1)O)OC(=O)c1cc(c(cc1)O)OC)OC(=O)/C=C/c1cc(c(cc1)O)O)(C(=O)OC)O,0.5525562763214111,0.0
CCOc1ccccc1Oc1c(oc2cc(ccc2c1=O)OC(=O)C)C,0.553259015083313,0.0
c1(c(c(=O)c2c(o1)cccc2)OC1OC(C(C(C1O)O)O)COC1C(C(C(CO1)O)O)O)c1ccccc1,0.5538782477378845,0.0
c1ccc2c(c1)C=C([C@H]1[C@@H]2CCC[C@@H]1O)c1cc(ccc1c1cc(=O)c2c(o1)cc(c(c2O)O)O[C@H]1[C@@H]([C@@]([C@@H]([C@H](O1)C(=O)[O-])O)(C/[NH+]=C(\N)N)O)O)O,0.5539843440055847,0.0
CC(=O)O[C@H](CCc1ccc(c(c1)O[C@H]1CC[NH2+]CC1)O)C[C@H](CC[C@H]1CNC(=[NH+])NCN2C[C@@H]3C[C@H](C2)C[NH+](C3)C[C@@]21CCCC2)O,0.5541168451309204,0.0
[C@]12([C@]3(C(=O)[C@@](C4=C1C(=O)C[C@H](O4)c1ccccc1)([C@@]([C@@H]2CO3)(C)C)C)C)O,0.5541519522666931,0.0
[C@]12([C@@H]([C@@H]3[C@@H]([C@H](C2)O)C(=C)C(=O)O3)C(=CC[C@@H]1OC(=O)C(=C)CO)C)C,0.5559436678886414,0.0
C[C@@]12c3ccccc3[C@@](c3c1cccc3)([C@H]1[C@H]2C(=O)OC1=O)C,0.5560353398323059,0.0
Cc1c2ccc(cc2oc(=O)c1c1ccc(cc1)Cl)OC(=O)N(C)C,0.5568833351135254,0.0
[C@]12([C@@]([C@H](CC2)[C@@H](CC/C=C(/C(=O)O)C)C)(CCC2=C1[C@@H](C[C@H]1[C@@]2(CC[C@H]([C@@]1(C)C)O)C)O)C)C,0.5572190880775452,0.0
[C@@]12([C@@H](C(=CCC2)/C=C\C2=C(CC[C@@H](C2)O)C)CC[C@@H]1[C@@H](/C=C/[C@@H]([C@@H](C)C)C)C)C,0.5595492720603943,0.0
Cc1c2ccc(cc2oc(=O)c1c1ccc(c(c1)OC)OC)OC(=O)[C@@](C)(C)C,0.5596339106559753,0.0
[C@@]12([C@@H](C[C@@H](O[C@@H]2C=C2C3=C([C@]4(CC[C@H]([C@@]([C@H]4CC3)(C)C)O)C)CC[C@@]12C)/C=C(\C)C(=O)OC)C)C,0.5600998997688293,0.0
[C@@H]12[C@H]([C@@]1(C)C)C[C@@H](C(=C[C@@H]1[C@](C(=O)C(=C2)C)(OC(=O)C)C[C@H](C1)C)C)OC(=O)/C=C/C=C\CCC,0.5604871511459351,0.0
C[NH2+]C[C@@]1(CC[C@H](C1)C[C@H](O)O[C@H]1CCCCC1)Oc1cc2cc(c1O)NC(=[N+]CSSC[C@@H]1CCC[C@@]1(C(=O)C=CCC2)Cc1ccc(c(c1)OC)O)NC,0.5605143904685974,0.0
n1(C2OC(C(C2O)OP(=O)(O)O)COP(=O)(OP(=O)(OCC(C(C(=O)NCCC(=O)NCCSC(=O)CC(=O)/C=C(/C)C)O)(C)C)O)O)c2c(nc1)c(ncn2)N,0.560655415058136,0.0
[C@@]12([C@H]([C@H]3[C@H]([C@@]4(C(=CC3)C[C@H](CC4)O)C)CC2)CC[C@@H]1[C@@H](/C=C/[C@H]1C[C@@H]1C)C)C,0.5609865188598633,0.0
[C@@H]1([C@@H]([C@H]([C@H]([C@H](O1)C)OC)O)OC)O[C@@H]([C@H](/C=C/C=C/C=C/C(=O)[C@@H]([C@@H]([C@H]([C@@H]1OC(=O)CC=C([C@H](C=C(C=CC=C(C(=O)[C@@H](C=CC=CC=CC1)O)C)C)O)C)C)O)C)O)C,0.5613150596618652,0.0
[C@]12([C@@H]3[C@H](C[C@H]1[C@H]1[C@H](CC2)[C@]2([C@H](O[C@H]4[C@@H]([C@H]([C@H](CO4)O)O)O[C@H]4[C@@H]([C@@H]([C@H]([C@@H](O4)C)O)O)O)C[C@@H](CC2=CC1)O)C)O[C@]1([C@H]3C)OC[C@@H](CC1)C)C,0.5614182949066162,0.0
[C@@H](OC(=O)C)(C#CC#C[C@H](/C=C\CCCCCCC)O)C=C,0.5647572875022888,0.0
CCc1cc2c(=O)c(c(oc2c(c1O)C[NH+]1CCCC[C@H]1C)C(=O)OCC)c1ccc2c(c1)OCCO2,0.5664510130882263,0.0
N1(C2=NC[C@H](N2C(=O)C[C@@]1(C)C)C(=C)C)C(=O)/C=C(/C)C,0.5666717290878296,0.0
CC[NH2+]COc1cc(c2c3c1[C@H](Nc1c3c(c3c(c1)OC[C@H]([C@@H]3O)c1cc(c(c(c1)OC[C@H](CO)[C@@H]1CC[C@](c3c1cccc3)(C)[C@H]1CCCC1)O)OC)CC2)O)OC,0.5680418610572815,0.0
c12c3[C@@H](Cc4c1c(c(cc4)OC)OC)NCCc3cc1c2OCO1,0.5718910694122314,0.0
[C@@]1([C@](CCC(=C(\C=O)C)/[C@H]1CCCO)(O)C)(CC/C=C(/C=C/[C@H]1[C@]([C@H](CCC1=C)C)(C)C)C)CO,0.5730591416358948,0.0
CCOc1ccccc1Oc1coc2cc(ccc2c1=O)OCc1ccc(cc1Cl)F,0.5736261010169983,0.0
CN(C)C(=O)Oc1ccc2cc(c(=O)oc2c1)c1ccc(cc1)Cl,0.5737481713294983,0.0
CC[NH2+]COc1cc(c2c3c1[C@H](Nc1c3c(c3c(c1)OC[C@H]([C@@H]3O)c1cc(c(c(c1)OC[C@@H](CO)[C@@]1(CCCC1)c1ccccc1)O)OC)CC2)O)OC,0.5742724537849426,0.0
Cc1cc(c(c2c1C(=O)/C(=C/c1ccncc1)O2)C[NH+]1CCCC[C@H]1C)O,0.5754825472831726,0.0
[C@@]123[C@]4([C@@H]([C@@]5([C@@H](C[C@H]4OC(=O)c4ccccc4)[C@](C(=O)C=C5)(C)C)C)CC[C@]1([C@@H](C(=O)[C@H]2O3)c1cocc1)C)C,0.5762017369270325,0.0
C1(OC2OC(C(C(C2O)O)O)CO)OC(C(C(C1O)O)O)COC(=O)CCCCCCCCCCCCCCC,0.5775595903396606,0.0
C[C@H](C)CC[NH2+]COc1cc(cc(c1O)OC)C(=O)OC[C@@H]1[C@H]([C@@H]([C@H]([C@@H](O1)Oc1ccc(cc1OCNC(=[NH2+])NC)C(=O)[O-])O)O)O,0.577636182308197,0.0
n1(C2OC(C(C2O)OP(=O)(O)O)COP(=O)(OP(=O)(OCC(C(C(=O)NCCC(=O)NCCSC(=O)CCCCCCCCCCC/C=C\C/C=C\CCCCC)O)(C)C)O)O)c2c(nc1)c(ncn2)N,0.5777630209922789,0.0
[C@@]123[C@]4(C2)[C@H]([C@]([C@H](CC4)O)(C)C)CC[C@@H]1[C@]1([C@](CC3)([C@H](CC1)[C@](CCC(=C)[C@H](C)C)(O)C)C)C,0.577924370765686,0.0
[C@]12([C@@]([C@H](CC2)[C@H](CC/C=C(/C=O)C)C)(CC=C2C1=CC[C@@H]1[C@@]2(CCC(=O)[C@@]1(C)C)C)C)C,0.5781092643737793,0.0
C1(C(C(CC1O)O)C/C=C\CCCC(=O)O)/C=C/CCCCCC,0.5785964131355286,0.0
C[C@H](C[C@@H](C(=O)[C@@H](C)C(=O)[O-])O)[C@H]1C[C@]2(C=C[C@]3([C@@H]([C@H]4[C@](CCC(=O)[C@@]4(C)C)(C4=C3[C@]2([C@@]1(CC4=O)[C@@H]1CCCC1)C)C)/C=C/c1ccccc1)O)O,0.5789646506309509,0.0
CCOC(=O)CCc1cc2c(coc2c(c1O[C@H]1[C@@H]([C@H]([C@@H]([C@H](O1)CO)O)O)O)OCC[NH2+]C)[C@H]1CCCCC1,0.5790545344352722,0.0
CCc1ccc(cc1)OC(=O)[C@@](F)(F)F,0.5792569518089294,0.0
COc1cc(c(cc1OC)OC)/C=C\1C(=O)c2ccc(cc2O1)OC(=O)c1ccc(cc1)Cl,0.5798076391220093,0.0
c1ccc2c(c1)[C@@]1(CCCC[C@@H]1CN2)C[C@@H]1c2cc(c(cc2N([C@H]1C(=O)[O-])C(=O)/C=C/c1ccc(c(c1)CC1=N[CH2+]N=C1)O)O[C@H]1[C@@H]([C@H]([C@@H]([C@H](O1)CO)O)O)O)O,0.5799339413642883,0.0
CCN(CC)C(=O)Oc1ccc2c(c1)occ(c2=O)Oc1ccccc1OCC,0.5808576345443726,0.0
COc1ccccc1C(=O)Oc1ccc2c(c1)O/C(=C\c1ccccc1Br)C2=O,0.5816410183906555,0.0
COc1c2ccc3c1O[C@@H]1[C@H]3[C@H](Cc3ccc(cc3)CCO2)Oc2c1ccc(c2)O[C@H]1[C@@H]([C@H]([C@@H]([C@H](O1)COC(=O)CC(=O)[O-])O)O)O,0.5829205513000488,0.0
CCOC(=O)c1c(oc2c1cc(cc2)OC(=O)[C@@](C)(C)C)C,0.5833010077476501,0.0
[C@]1([C@H]2[C@H](C1)C(=C)CCC=C(C(=O)C2)COC(=O)C)(C)C,0.5834184288978577,0.0
COc1ccc(c(c1)OC)/C=C\1C(=O)c2ccc(c(c2O1)C[NH+]1CCCCC1)O,0.5835781693458557,0.0
Cc1c(c(=O)c2ccc(cc2o1)OC(=O)c1ccccc1Cl)c1ccccc1,0.5849871635437012,0.0
C[C@H]1C=CC=C[C@]1(CC[C@H](CC(=O)CCc1ccc(c(c1)OC)O)OC(=O)C)CC1=C([CH2+]N=C1)CCc1cc[n+]c(c1)N,0.5853954553604126,0.0
[C@@]12([C@]([C@H]3[C@@](CC2)(CC(=O)[C@@H](C3)C)C)(CC[C@@]2(C1=CC(=O)c1c2cc(c(c1C(=O)O)OC)O)C)C)C,0.5856803059577942,0.0
C[C@@](C)(C)c1ccc(cc1)C(=O)Oc1ccc2cc(c(=O)oc2c1)c1nc2ccccc2s1,0.5865798592567444,0.0
C1(C(C(=O)CC1)C/C=C\CC)CC(CC(=O)SCCNC(=O)CCNC(=O)C(C(COP(=O)(OP(=O)(OCC1OC(n2c3c(nc2)c(ncn3)N)C(C1OP(=O)(O)O)O)O)O)(C)C)O)O,0.5876210927963257,0.0
[C@@]12([C@@]3([C@H](CC[C@@H]1[C@@]1([C@H](CC2)[C@@]([C@H](CC1)OC(=O)C)(C)C)C)/C=C(/C=C/C=C(/C)C)C)CC(=O)OC3)C,0.587689220905304,0.0
C12C3C(c4c(CC3)cc(cc4)O)CCC1(C(CC2)(O)CC=C)C,0.5882115364074707,0.0
C1(=C([C@H](C=C([C@H]1O)O)O)O)CCCCCCCCCCC,0.5884540677070618,0.0
C12C3C(C4(C(=CC(=O)CC4)C3)C)CCC1(C(CC2)C(CCCC(C)C)C)C,0.5892307758331299,0.0
[C@@]123[C@H]4[C@]5([C@@]([C@@H]6[C@H]2N(C[C@]([C@H]1C6)(OC(=O)c1c(NC(=O)C)cccc1)CC[C@@H]3O)CC)(C[C@@H]([C@@H](C4)[C@@H]5OC)OC)O)O,0.5902614593505859,0.0
[C@@H]([C@H]1[C@@H](C(=O)OC1)C)(c1cc(c(c(c1)OC)OC)OC)c1cc(c(c(c1)O)O)OC,0.5924139022827148,0.0
CC[NH+](CC)Cc1c(ccc2c1O/C(=C\c1cc(c(c(c1)OC)OC)OC)C2=O)O,0.5925909876823425,0.0
CC[C@H](CC[C@H](CC(=O)CCc1cc(c(c(c1)OC)O)O)OC(=O)C)CC1=C[CH2+]N=C1,0.5952965617179871,0.0
[C@@]12([C@@]([C@H](O[C@@](O2)(C[C@H]1OC(=O)/C=C/[C@H](C[C@H](CC)C)C)CCC(=C)[C@H]([C@@H](Cc1ccccc1)C)OC(=O)C)C(=O)O)(C(=O)O)O)C(=O)O,0.5974295139312744,0.0
[C@@]1([C@H](O1)C)(C(=O)O[C@H]1[C@@H]2[C@H](OC(=O)C2=C)C=C(CCC=C([C@@H]1OC(=O)[C@@H]([C@@H](O)C)C)C(=O)OC)C)C,0.5977962613105774,0.0
C12=CC(=O)C3C(C2CCC2(C1(CCC2C(CCCC(C)(C)O)C)O)C)(CCC(C3)O)C,0.5985548496246338,0.0
c1ccc(c(c1)CC[C@@H]1c2cc(c(cc2N([C@H]1C(=O)[O-])C(=O)/C=C/c1ccc(c(c1)CC1=N[CH2+]N=C1)O)O[C@H]1[C@@H]([C@H]([C@@H]([C@H](O1)CO)O)O)O)O)CO,0.5986589193344116,0.0
CNC(=[NH2+])NCc1c(cc2c(c1O)C(=O)c1c(cc(cc1O[C@H]1[C@@H]([C@H]([C@]([C@](O1)(CO)O)(CCc1cc[n+]c(c1)N)O)O)O)OC)C2=O)CCc1ccc([n+]c1)N,0.5987582802772522,0.0
[C@@]12([C@]3(C(=CC[C@@H]1[C@@]1([C@@H](CC2)[C@@]([C@H]([C@H](C1)O)O[C@H]1[C@@H]([C@H]([C@@H]([C@H](O1)C(=O)OC)OC(=O)C)O)O)(C(=O)O)C)C)[C@H]1[C@@H]([C@H](C3=O)O)CC[C@](C1)(C)C)C)C,0.5988409519195557,0.0
C1C(CC2C(C1)(C1C(C(C2CC)O)C2C(CC1)(C(C(CCC(=O)O)C)CC2)C)C)O,0.5990253090858461,0.0
C/C=C(\C)C(=O)O[C@](C)(C)[C@@]1(Cc2cc3cc(c(=O)oc3cc2O1)CCCO)Cc1cc([n+]cc1CC(=O)N1CCC1)N,0.5992897152900696,0.0
CC[C@H]1C[C@H]([C@@H](C=C1)[NH2+]CC)[C@H](CCCO)OC(=O)[C@@]12C(=O)c3ccccc3C(=O)[C@@]1(O2)C/C=C(\C)C[C@H](c1cc[n+]c(c1)N)NC(=[NH2+])NC,0.5993030667304993,0.0
C1N(C2c3c(C1)cc(c(c3)Oc1c(c(c3CCN(C(Cc4ccc(Oc5c(ccc(C2)c5)O)cc4)c3c1)C)OC)O)OC)C,0.59964519739151,0.0
C1(=C(C(=O)[C@H](C[C@@]1(C)C)O)C)/C=C/C(=C/C=C\C(=C/C=C/C=C(/C=C/C=C(/C=C/C1=C(C[C@@H](C[C@]1(C)C)O)C)C)C)C)C,0.5998008847236633,0.0
c1(c(c(c(c(c1)c1ccc(c(c1)Cl)O)Cl)Cl)Cl)Cl,0.5998669862747192,0.0
C1(C(CCC1CCCCCCCCCCC(=O)C)O)O,0.6007055044174194,0.0
c1(c(C(=O)Oc2cc(cc(c2)OC)CCC)c(cc(c1)OC)O)CCC,0.6013327240943909,0.0
[C@]12([C@]([C@H](CC2)[C@@H](/N=C(/C)C)C)(CCC2=CC3=CC[C@@H]([C@@]([C@@H]3CC[C@@H]12)(C)C)NC)C)C,0.6019233465194702,0.0
C[C@@H](C)Cc1cc(cc(c1O)Cc1cccc(c1)O)c1c(c(=O)c2c(o1)cc(c1c2O[C@H]2[C@H](C1)CC[C@H]([C@@H]2CO)O)O)O,0.6022189259529114,0.0
COc1cc2c(c3c1c1c4ccccc4c(cc1CC3)O)C[C@H]([C@@H](O2)c1ccc(c(c1)O[C@H]1CCCCC1)O)O,0.6036361455917358,0.0
[C@@]123[C@@H]([C@]([C@@H](CC2)C(=O)OC3)(CCC2=CCOC2=O)C)CC(=O)C=C1C,0.6044213175773621,0.0
[C@@]12([C@H]([C@H]3[C@H](CC2)[C@@]2([C@@H]([C@H](C3)O)C[C@H](CC2)O)C)[C@@H](C[C@@H]1[C@@H](CC[C@H](O[C@H]1[C@@H]([C@H]([C@H](O1)CO)O)O)[C@@H](C)C)C)O)C,0.6048126816749573,0.0
[P@](=O)(O[C@@H]1C(=CC=CC[C@@H](OC(=O)CC(=C)[C@@H]([C@@H](C=CC=CC=CCCC1)O)C)CC/C(=C/C=C)C)C)(O)O,0.6051384210586548,0.0
c1([C@@H]([C@@H](Oc2c(cc(cc2)CCCO)OC)CO)O)cc(c(cc1)O)OC,0.6058228015899658,0.0
c1cc2c(c(c1)O)CCCc1c2c(cc(c1O)O)/C=C/c1cc(c(cc1/C=C/C(=O)O[C@H](Cc1ccc(c(c1)O)O)C(=O)[O-])O)O,0.606210470199585,0.0
C[C@@H](C)Cc1c2c(cc3c1O[C@H](O3)CO)[C@H]1COc3ccc(cc3[C@H]1O2)OO[C@@H]1[C@H]([C@@H]([C@H](O[C@H]1OCC[NH3+])COC(=O)CC(=O)[O-])O)O,0.6065206527709961,0.0
C1(=O)O[C@H](C)CCCC=CC=CC(=O)C[C@@H](O)CC=CC=C[C@@H](O)CC=CC=C1,0.6087173819541931,0.0
c12c(c(ccc1CN(CCc1c(C(=O)C2)cc2c(c1)OCO2)C)OC)OC,0.6098531484603882,0.0
c1cc(cc(c1)NC(=O)N[C@@H]([C@@](Cl)(Cl)Cl)OC(=O)Nc1ccc(cc1)Cl)[C@](F)(F)F,0.6106299161911011,0.0
C1(C)(C(N(C)C)C(C(C(O1)OC12C(=CC=C1)c1cc3ccc1C2Oc1c(cc(cc1)C(CC(=O)OCC3OC(=O)c1c2[nH]c(=O)c(=C)oc2cc(c1)OC)N)Cl)O)O)C,0.6106773614883423,0.0
[C@]12([C@H]3C(=O)O[C@H]([C@@H]3[C@H](C[C@H]1[C@]1([C@@H]([C@@]3([C@H](CC1)[C@](CCC3)(CC)C)C)C[C@@H]2OC(=O)C)C)O)C)C,0.6112245917320251,0.0
c12c(c(c3c(c1C/C=C(\C)C)C=C[C@](O3)(C)C)OC)C(=O)C[C@H](O2)c1c(cc(cc1)OC)OC,0.6113619804382324,0.0
[C@@H]1([C@@H]([C@H]([C@@H]([C@H](O1)COC(=O)C[C@@H](CC(=O)O)O)O)O)O)O[C@@](CC/C=C(\C)C)(C=C)C,0.6124452352523804,0.0
C1(=CCCC(=C[C@@H]2[C@@H]([C@@H]([C@H]1OC(=O)[C@@H](CC)C)OC(=O)[C@]([C@@H](O)C)(O)C)C(=C)C(=O)O2)C)C(=O)OC,0.6125721335411072,0.0
[C@@H]1(C(=O)O[C@@H]([C@H](C=CC=CC=CC=CC=C([C@@H]([C@@H]([C@H](C[C@H](C[C@H](C[C@H](C[C@@H](C[C@@H]1O)O)O)O)O)O)O)O)C)O)C)[C@H](CCCCC)O,0.6137471795082092,0.0
C/C=C/1C[C@@H]([C@@](C(=O)OCC2=CCN3[C@H]2[C@@H]([C@@H](C3)O)OC1=O)(C)O)C,0.6139625310897827,0.0
[C@@H]1(CC=C(C[C@@H]([C@@H]2[C@@H](C=C1C)OC(=O)C2=C)OC(=O)/C(=C/C)C)C)O,0.6141044497489929,0.0
CCOc1ccccc1Oc1coc2cc(ccc2c1=O)OC(=O)[C@@H]1CC1,0.6154192090034485,0.0
[C@]1([C@H](/C(=C/CCl)[C@H](C[C@H]1Cl)Br)Cl)(C)C,0.616088330745697,0.0
Cc1cc2cc(cc(c2c(c1C(=O)C)O)O[C@H]1[C@@H]([C@@H]([C@H]([C@H](O1)COC(=O)C(=O)[O-])O)O)O)OC,0.6161772608757019,0.0
c1([C@@H]([C@H](c2cc(O[C@H]3[C@@H]([C@H]([C@@H]([C@H](O3)CO)O)O)O)cc(c2)O)O)c2ccc(cc2)O)c(O[C@H]2[C@@H]([C@H]([C@@H]([C@H](O2)CO)O)O)O)cc(cc1/C=C/c1ccc(cc1)O)O,0.6163209080696106,0.0
[C@@H]1(C(=C)COC(=O)C[C@@H](C)C)CCC(=CCCC(=CC1)C)C,0.6171303391456604,0.0
CCCCC[C@@H]1CC[C@H](C=C1)CCCCC[C@@H](CO)C(=O)[O-],0.6179295778274536,0.0
Cc1c(c(=O)c2ccc(cc2o1)OC(=O)[C@@](C)(C)C)c1ccc(cc1)OC,0.6198824048042297,0.0
[C@@H]12[C@H]([C@H](O[C@H]3[C@@H]([C@H]([C@@H]([C@H](O3)CO)O)O)O)OC=C2C(=O)O)C(=C[C@@H]1OC(=O)C)CO,0.6201972961425781,0.0
C[C@@H]1CC[C@H](C[C@H]1CNC(=[NH2+])NC)[C@@H](C[C@@H](CCc1ccc(c(c1)O[C@H]1CC[NH2+]CC1)O)OC(=O)C)O,0.6205057501792908,0.0
C[C@]1(C=Cc2c(cc(c3c2oc2c(c3=O)C[C@H](Oc3c2ccc(c3)O)[C@](C)(C)OO)O)O1)C,0.6210183501243591,0.0
c1(c(c(Oc2c(cc(cc2Cl)O)Cl)cc(c1)O)OC)Oc1c(cc(cc1Cl)O)Cl,0.6217117309570312,0.0
[C@]12(C(=C[C@@H]3[C@H](C(=C)C(=O)O3)[C@@H](OC(=O)/C(=C\C)OC(=O)CC)C[C@@](O1)(C=C2)C)C)O,0.6229566931724548,0.0
C1(=C(CCC1=O)C)C/C=C\CC,0.6233236193656921,0.0
C(=O)(OCC1OC(OC2C3C(C(=CO2)C(=O)OC)CCC3C)C(C(C1OC(=O)C)OC(=O)C)OC(=O)C)C,0.6237767934799194,0.0
c12[C@@H](N(CCc1cc(c(c2)OC)O)C)Cc1ccc(cc1)OC,0.6246734857559204,0.0
c1(c2c3c(c(c4c2oc(cc4=O)C)O)c(cc(c3)OC)O)c2c(c(c3c1oc(cc3=O)C)O)c(cc(c2)OC)OC,0.6247951984405518,0.0
c1cc(ccc1F)[P@H](c1ccc(cc1)F)c1ccc(cc1)F,0.6249381899833679,0.0
C(CCCCCCCCCCCC)C(CC(=O)SCCNC(=O)CCNC(=O)C(C(COP(=O)(OP(=O)(OCC1OC(n2c3c(nc2)c(ncn3)N)C(C1OP(=O)(O)O)O)O)O)(C)C)O)O,0.6251572966575623,0.0
[C@@H]12[C@@]3(O[C@@]4([C@H](C3=O)[C@H](C[C@@H]3[C@]5(C4)[C@H](O[C@@]3(C)C)CC(=O)O5)O)CC[C@@]1(C(=O)[C@H]([C@@H]2[C@H]1OC(=O)C(=C1)C)C)C)O,0.6259546279907227,0.0
[C@]1([C@H](C1)[C@@H]1OC(=O)C[C@@H]([C@H](C[C@@H](C[C@H](C[C@H]([C@H](C(=CC=CC1)C#N)O)C)C)C)C)O)(C(=O)O)C,0.627597451210022,0.0
CCCCCc1cc(ccc1C[NH2+][C@H]1CCOCC1)CCc1c(c2cccc(c2c(c1O)O)O)/C=C/c1ccc(c(c1)O)O,0.6280025839805603,0.0
[C@@]12([C@]3([C@@H]([C@@]4([C@@H](CC3)[C@]([C@H](CC4)O[C@H]3[C@@H]([C@@H](O[C@H]4[C@@H]([C@H]([C@@H]([C@H](O4)CO)O)O)O)[C@H](CO3)O)O)(C)C)C)CC=C1[C@H]1[C@](CC2)(C(=O)O)CC[C@H]([C@@H]1C)C)C)C,0.6287285089492798,0.0
Cn1c2ccccc2c(c1SSc1c(c2ccccc2n1C)c1ccc(cc1)OC)c1ccc(cc1)OC,0.6299039125442505,0.0
C[C@@H]1CC(=O)C(=C[C@H]1/C=C/C(=C\C=C/C(=C/C=C/C=C(\C)/C=C\C=C(\C)/C=C/C1=C(C(=O)CC[C@@]1(C)C)C)C)C)C,0.6308225989341736,0.0
[C@]1(C(=C(C(=C(C1=O)C(=O)C[C@H](C)C)O)C[C@H]1[C@](CC[C@@H]1C(=C)C)(O)C)O)(C/C=C(\C)C)C,0.6316640377044678,0.0
[C@@]12([C@@H]([C@H](C[C@H]1O)OC(=O)/C(=C/C)C)[C@@H](C[C@H]1[C@H](C2)C(=C)C(=O)O1)C)C,0.6320333480834961,0.0
[C@]12([C@H]3N(CC2)C[C@@H]([C@H](C3)/C(=C\OC)C(=O)OC)CC)c2c(NC1=O)cccc2,0.632405698299408,0.0
[C@@H]1(c2c(O[C@@H]([C@H]1OC(=O)c1cc(c(c(c1)O)O)O)c1cc(c(c(c1)O)O)O)cc(cc2O)O)c1c2c(c(cc1)O)C[C@@H]([C@H](O2)c1cc(c(cc1)O)O)O,0.6329842209815979,0.0
c1c(ccc(c1)/C(=C(/CC)CC)c1ccc(cc1)O)O,0.6330505013465881,0.0
c1(c(ccc(c1)C=O)O)C/C=C(/CC[C@@H](C(=C)C)OO)C,0.6333665251731873,0.0
[C@]12([C@@](C[C@@H](C3=C(C(=O)OC3=C[C@@](O1)(CC2)C)COC)OC(=O)C(=C)C)(O)C)OC,0.6358491778373718,0.0
C[C@H]1C=Cc2c3ccc4c2c1cc(c4[C@@]1(CCCC1)C#CO[C@H](CC(=O)CCc1ccc(c(c1)OC3)OC)C[C@@H]1C=C(C=C[C@@H]1CCCCc1cccc(c1)NC[C@H](C)O)O)O,0.6376734972000122,0.0
C12=C([C@H]3[C@](CC2=O)([C@H](CC3)[C@@H](CCC(=C)[C@H](C(=O)O)C)C)C)CC[C@H]2[C@@]1(CCC(=O)[C@H]2C)C,0.6389939785003662,0.0
[C@@]12([C@](Oc3c1c(c(c1c3[C@@H](C[C@H](O1)c1ccccc1)O)OC)OC)(CC(=O)C1=C2O[C@@H](C[C@H]1O)c1ccccc1)OC)OC,0.6403540968894958,0.0
c1(c([C@H](CCc2c(c(C(=O)OC)cnc2)C)C)cncc1C(=O)OC)C,0.6416167616844177,0.0
C[C@@H]1[C@H]([C@H](O[C@H]1CO)[C@H]([C@](C)([C@H]1CC[C@@]2([C@]31CCC[C@@H](C3)[C@H]1C2=CC(=O)[C@H]2[C@@]1(CC[C@@H](C2)O)C)O)O)O)C,0.641897439956665,0.0
C(=C\CC(=C)C(C)C)(\C)C(=O)O,0.6435700058937073,0.0
[C@]1(C(=CC(=O)C(=C1)CC=C)OC)(C/C=C(\C)C)OC,0.6464087963104248,0.0
[C@]1([C@@H](CCC(=C(C=CC=C1)C(=O)O)COC(=O)C)C)(CCc1cocc1)C,0.6476236581802368,0.0
c12c(c(c(n1OC)Br)CCN(C)C)c(cc(c2OC)Br)Br,0.6490165591239929,0.0
[C@H]1([C@@H]([C@H]([C@@H](O1)c1cc2c(c(c1)OC)OCO2)CO)COC(=O)C)c1cc2c(c(c1)OC)OCO2,0.650105357170105,0.0
[C@@]12(c3c(N[C@H]1N(CC2)C)cc(c(c3)C/C=C(\C)C)Br)[C@](C=C)(C)C,0.6514419913291931,0.0
C12=CC(=O)C3C(C2CCC2(C1(CCC2C(CCCC(C)C)C)O)C)(CCC(=O)C3)C,0.6533749103546143,0.0
CC[C@]1(CC[C@@H](C[C@@H]([C@H](CC#C1)Cc1ccc(c(c1)O[C@H]1CC[NH2+]CC1)O)OC(=O)C)O)CNC(=[NH2+])NC,0.6550169587135315,0.0
[C@@]12([C@@]([C@H]3[C@@H]([C@@H](C2=O)O)[C@@]2([C@H](CC3)C[C@H](CC2)OC(=O)CCCCCCC(=O)O)C)(CC[C@@H]1c1coc(=O)cc1)O)C,0.6551982760429382,0.0
C(=O)(/C(=C/C)C)Oc1ccc(cc1)CC=C,0.656407356262207,0.0
COc1ccc(c(c1OC)OC)/C=C\1C(=O)c2ccc(cc2O1)OCc1ccc(c(c1)Cl)Cl,0.6569122672080994,0.0
[C@]12([C@H](C(=C(C(=C1)Br)OC)Br)O)CC(=NO2)C(=O)NCCc1c(cc(cc1Br)OCC[C@H]([N@@+](C)(C)C)C(=O)[O-])Br,0.657492995262146,0.0
CCC/C=C\1C2=C([C@H]3[C@@H](CC2)[C@@H]2CC[C@@]43/C(=C/CCC)OC(=O)C4=C2CC2=C[CH2+]N=C2)C(=O)O1,0.6587369441986084,0.0
CCCCCC[C@@](C)([C@@H]1Cc2c(cc3c(c2OC)/C(=C/C[C@H](C)C)C=C(O3)C(=O)OCC)O1)O,0.6606916785240173,0.0
C12C3C(C4(C(=CC(=O)CC4)C3)C)CCC1(C(CC2)C(CCCC(C)C)C)C,0.6607920527458191,0.0
COc1ccc2c(c1O)c(=O)c(c(o2)c1ccc(c(c1)OC)O[C@@H]1[C@@H]([C@H]([C@H]([C@H](O1)CO)O)O)O)OC,0.6609790921211243,0.0
CNC(=[NH2+])Nc1cc(cc(c1O)OC)CC/C=C/C(=O)[C@]1(CCCC1)Cc1ccc(c(c1)OC)O,0.6613603830337524,0.0
C1(CC2=CC(C3C(C2(CC1)C)CCC1(C3CCC1C(CCCC(C(=O)O)C)C)C)O)O,0.6614559888839722,0.0
C12=CC(=O)C3C(C2CCC2(C1(CCC2C(CCCC(C)C)C)O)C)(CCC(C3)O)C,0.6623284816741943,0.0
C[C@H]1[C@H]2C(=C[C@H]3CN4[C@]2(CCC[C@H]4[C@H](CCC[C@H](C)C)O)C=C3)OC\1=C\1C(=C(C(=O)O1)C)OC,0.6627628803253174,0.0
C[C@@H]1[C@H]([C@H](C[C@@H](O1)O[C@H]1CC[C@]2([C@H](C1)CC[C@@H]1[C@@H]2C[C@@H]2CO[C@]3([C@H]4[C@@H]2[C@@]1(O3)CC4)C)C)OC)[NH3+],0.6632146835327148,0.0
C[C@@H]1C(=Cc2ccccc2O1)/C=C\1C(=O)c2ccc(cc2O1)OCc1c(cccc1Cl)Cl,0.6634308695793152,0.0
C1(CCC(OC1C)OC1C(C(OC(C1)c1ccc2C(=O)C3=C(C=CC4(C3(C(=O)CC(C4)(O)C)OC3CCC(C(O3)C)O)O)C(=O)c2c1O)C)O)O,0.664581298828125,0.0
CCCCC[C@H]1C[C@H]([C@@H](C=C1)CCCCC[C@@H]([C@@H](CC[C@]1(C[C@H]([C@@]2(C1)CCCC2)CC1=C[CH2+]N=C1)O)O)C(=O)[O-])O,0.6648554801940918,0.0
C(=O)(O)CC/C=C\C/C=C\C/C=C\C=C\[C@H](O)C/C=C\C/C=C\CC,0.6649426817893982,0.0
C[C@H]1[C@H]([C@H]([C@H]([C@H](O1)Oc1cc2c(c(c1[C@H]1CCCCC1)O)C(=O)c1ccc(cc1C2=O)OC(=O)C)O)O)O,0.6651684641838074,0.0
[C@@]12([C@H]([C@H]3[C@H](CC2)[C@@]2(C(=CC(=O)CC2)C[C@@H]3O)C)CC[C@@H]1[C@@H](/C=C/[C@@H]([C@H](C)C)C)C)C,0.6657522916793823,0.0
[C@@]12([C@H]([C@]3([C@H](C[C@H]2OC(=O)C)[C@@]2([C@@H](CC3)[C@](CCC2)(C)C)C)C)CC=C2[C@@H]1[C@@H](OC2)O)C,0.6663447022438049,0.0
CC[C@@H]1CC[C@H]([C@@H](C1)COC(=O)[C@@]12C(=O)c3ccccc3C(=O)[C@@]1(O2)C/C(=C(/C)CCc1cc[n+]c(c1)NC[NH2+]C)CO)[NH2+]CC,0.6677778363227844,0.0
[C@H]1(C(=O)N[C@@H](C(=O)O[C@@H](CC(=O)N[C@@H](C(=O)N1)[C@H](C)C)[C@H](CCCCCC)C)[C@@H](CC)C)Cc1ccccc1,0.668747067451477,0.0
Cc1ccc(cc1)C(=O)Oc1ccc2c(c1)O/C(=C\c1c(ccs1)C)C2=O,0.6688684821128845,0.0
[C@]1([C@@H](C(=CC[C@H]1Cl)[C@@H](CBr)Cl)Br)(C)C,0.6692863702774048,0.0
CCCCCC1=C[C@H]([C@H]2C[C@@]3(O1)[C@H]([C@@H]([C@@H]([C@H](OC#CC[C@@H]2O)CCCO)O[C@@H]3Oc1ccc(cc1)CC=C)O)O)CCO,0.6702015995979309,0.0
C1(C(C(C(OC1CO)O)NC(=O)C)OC(C(=O)NC(C(=O)NC(C(=O)NC(C(=O)NC(C(=O)O)C)CCCCN)CON)C)C)OC1C(C(C(C(O1)CO)O)O)NC(=O)C,0.6706778407096863,0.0
c12[C@H]([C@@H]([C@H]([C@H](c1cc1c(c2)OCO1)O)CO)C(=O)OC)c1cc(c(c(c1)OC)OC)OC,0.6711837649345398,0.0
C[C@@H]1CCOC(=O)C=CC=CC(=O)O[C@@H]2C[C@@H]3[C@@]4([C@]2([C@]2(CCC(=C[C@H]2O3)C)OOC(=O)[C@H]1O)C)CO4,0.6712186336517334,0.0
c1(c(c(c(cc1OC)OC)OC)OC)C(=O)/C=C/c1c(c(c(c(c1)OC)OC)OC)OC,0.6729798913002014,0.0
[C@]12([C@@](C(=O)COC(=O)C)(CC[C@H]1[C@H]1[C@@H]([C@@]3(C(=CC(=O)CC3)CC1)C)C(=O)C2)OC(=O)C)C,0.6732781529426575,0.0
CCCCCCCC(=O)CC(=O)/C=C/c1cc(c(cc1Cc1cnc(cc1CCc1cccc(c1)CCCO)N)O)OC,0.674752950668335,0.0
CCCCCCOC(=O)[C@@]12C(=O)c3ccccc3C(=O)[C@@]1(O2)C/C(=C(\C)CCc1cc[n+]c(c1)N)CO,0.6761268377304077,0.0
[C@]123[C@H]([C@@H](C(=C2)OC)OC(=O)[C@]([C@H](C(=O)OC)O)(CC[C@H](C)C)O)c2c(CCN1CCC3)cc1c(c2)OCO1,0.6774850487709045,0.0
[C@@]123[C@H]4[C@@H]([C@@](C1)(O[C@@H](CN2CCC3)c1c4cc2c(c1)OCO2)OC)OC(=O)[C@](CC(=O)OC)(CCC[C@@H](C)C)O,0.6786201000213623,0.0
c12nc(oc2)C[C@@H](C[C@@H](C=CC=CCNC(=O)C2=CC[C@H](OC(=O)[C@H](NC1=O)CS2)C)O)O,0.6803467869758606,0.0
Cc1cc(cc(c1)Cc1cc(cnc1N)Cc1cc(c(cc1/C=C/C(=O)CC(=O)CCCCCCCCc1ccccc1)OC)O)C,0.6808478832244873,0.0
[C@@]12([C@H]([C@H]3[C@@H]([C@@]4([C@H](CC3=O)C[C@H](CC4)O)C)CC2)CC[C@@H]1[C@@H](CCC(=O)OC)C)C,0.6812707781791687,0.0
[C@@]1(C(=C(C(=O)C(=C1O)C(=O)CCC)Cc1c(c(c(cc1O)OC)C(=O)CCC)O)O)(C/C=C(\C)C)C,0.6834508776664734,0.0
C[C@H](C/C=C/c1ccccc1)[C@H]1C[NH2+]C[C@]2([C@H]([C@@H]([C@H](O[C@H]2Oc2ccc3c(c2)[o+]cc(c3O)c2ccc(cc2)O)C(=O)[O-])O)OCSSC[C@@H]1C1=C[CH2+]N=C1)O,0.6842924952507019,0.0
c1(=O)c(c2cc3c(cc2)OCO3)coc2c1ccc(c2)Oc1cc2c(cc1)c(=O)c(co2)c1ccc(cc1)OC,0.6845170259475708,0.0
[C@]12([C@@H]([C@@]([C@H](CC2)O)(C)C)CCC(=C)[C@@H]1COc1c(c2oc(=O)ccc2cc1OC)OC)C,0.6904815435409546,0.0
[C@]12([C@@](C3=CC[C@@H]4[C@@]([C@H]3CC2)(CCC(=O)[C@@]4(C)C)C)(C[C@H]2[C@H]1[C@H](C(=O)O2)CCC(=O)C(=C)C)C)C,0.6905677318572998,0.0
[C@@]12([C@H]([C@H]3[C@H](CC2)[C@@]2(C(=CC(=O)CC2)C(=O)C3)C)CC[C@H]1[C@@H](CC[C@H]([C@H](C)C)C)C)C,0.6911097168922424,0.0
[C@]123C(=O)[C@](C(=CC3=O)C)(CC=C(COc3c(C1=O)c([C@H]2O)ccc3)C)C/C=C(/C)C,0.6928948163986206,0.0
COc1cc(cc(c1OC)OC)/C=C\1C(=O)c2ccc(cc2O1)OC(=O)c1ccccc1Br,0.693025529384613,0.0
[C@@]123[C@H]([C@]([C@]4(C1)c1c(NC4=O)c4c(cc1)O[C@@](C=CO4)(C)C)(C)C)C[C@@]1(C(=O)N2C)N(C3)C(=O)C[C@]1(O)C,0.6930434703826904,0.0
C[NH2+]CN[C@@H](CCC(=O)N[C@@H](CS[C@]12C=C[C@@]3(CCCCC[C@]41CCCC4)CC(=C[C@@H]1C3=C2OC1=O)Cc1ccncc1)C(=O)N[C@H](C(=O)[O-])O)C(=O)[O-],0.6932304501533508,0.0
[C@@]123[C@]4(C2)[C@H]([C@]([C@H](CC4)OC(=O)C)(C)C)CC[C@H]1[C@]1([C@](CC3)([C@H](CC1)[C@@H](CC[C@H]1[C@@](O1)(C)C)C)C)C,0.69355708360672,0.0
CCOC(=O)c1c2cc(ccc2oc1c1ccccc1)OCc1ccc(c(c1)Cl)Cl,0.6944964528083801,0.0
c1(c(c(c(cc1OC)CCCCC)C(=O)O)O)OC(=O)c1c(cc(cc1O)OC)CCC,0.694826602935791,0.0
C1=CC2(C(=CC1=O)C(CC1C2(C(CC2(C1CC(C2(C(=O)CO)O)O)C)O)F)F)C,0.6952431797981262,0.0
C(/C=C(/C)C(=O)O)C[C@H]([C@@H]1[C@]2(CC=C3[C@]4(CC[C@H]([C@]([C@H]4CC[C@H]3[C@@]2(CC1)C)(C)C)O)C)C)C,0.6963257789611816,0.0
C[C@](C)(C)C(=O)Oc1ccc2c(cc(=O)oc2c1)c1cc2ccccc2oc1=O,0.6980742812156677,0.0
CC1=C2C[C@@H](CC[C@]2(CC(=C1)[C@@]12CC[C@@H]3C[C@@H]4C[C@H]5CC[C@H](C[C@@H]5[C@@]4([C@@]3([NH2+]1)C)C=C2)O)C)C(=C)C,0.6982136964797974,0.0
COc1cc(ccc1O)[C@H]1[C@H]2CO[C@@]3([C@H]2[C@@]21[C@@H](C3=O)C=C2[C@@H]1[C@H](C(=O)c2c(cc(cc2O1)O)O)O)O,0.6982202529907227,0.0
c1(c(c(=O)c2c(o1)cc(cc2O)OC)O[C@H]1[C@@H]([C@H]([C@H]([C@H](O1)CO[C@H]1[C@@H]([C@@H]([C@H]([C@@H](O1)C)O[C@H]1[C@@H]([C@@H]([C@H]([C@@H](O1)C)O)O)O)O)O)O)O)O)c1cc(c(cc1)O)OC,0.699722170829773,0.0
CCCCCC/C=C\CCCCC[C@H](C[C@@]1(CCCC1)c1ccccc1)[C@@H]([C@H](C)O)C(=O)[O-],0.7005645632743835,0.0
[C@@]12([C@H](C3=CC(=O)O[C@]3(CC2)O)CC[C@@H]1[C@@H](/C=C/[C@@H]([C@H](C)C)CC)C)C,0.7019599676132202,0.0
[C@]123[C@@]([C@H]([C@](O2)([C@@H]2OC(=O)C(=C(C2)C)CO)C)CC3)(CC[C@H]2[C@H]1C[C@H]([C@@]1([C@@]2(C(=O)CCC1)C)O)O)C,0.702223539352417,0.0
[C@]12([C@]3(C(=O)C(=C(\c4ccccc4)O)\C(=O)[C@@]1(C[C@H]([C@@](O2)(C3)C)CCC(=C)C)C/C=C(/C)C)C/C=C(\C)C)O,0.7024606466293335,0.0
C12C(C3(C(CC2)CC(=O)C(C3)COC)C)CCC2(C1CCC2(O)C)C,0.7037426233291626,0.0
C1C(=O)C=C2C(C1)(C1C(CC2)C2C(CC1)(C(CC2)C(C(C(C(C(C)C)C)O)O)C)C)C,0.7065946459770203,0.0
n1(C2OC(C(C2O)OP(=O)(O)O)COP(=O)(OP(=O)(OCC(C(C(=O)NCCC(=O)NCCSC(=O)CCCCCCCCC/C=C\C/C=C\CCCCC)O)(C)C)O)O)c2c(nc1)c(ncn2)N,0.7066172361373901,0.0
C[C@@H](C)CNC1=[N+][C@H](CCN1)C[C@H]1Cc2c3cc(c(c2O[C@H]1O)O)CC#Cc1c(ccc(c1OC)O)CCC(=O)C[C@@H](CC3)O,0.7078307867050171,0.0
c1(c(cc(c(c1O)Cl)O)CC(=O)CCCCC)C(=O)Oc1cc(c(c(c1)O)C(=O)O)CC(=O)CCCCC,0.7085269093513489,0.0
[C@]123[C@@]4(c5c(N1C=O)c(OC)ccc5)[C@H]1[C@](C[C@@H]2C(=O)OC)(CC3)CCCN1CC4,0.7085492014884949,0.0
[C@]123C(=C(C[C@@]45[C@@H]1N(CC3)CC[C@@H]4OCC5)C(=O)OC)Nc1c2ccc(c1)OC,0.7095149159431458,0.0
c1(c(cc(c(c1O)O)Oc1c(cc(c(c1O)O)O)C(=O)O)C(=O)O)Oc1c(c(cc(c1)C(=O)O[C@@H]1[C@@H]([C@H]([C@@H]([C@H](O1)CO)O)O)O)O)O,0.7101228833198547,0.0
CCc1ccc(cc1)C[C@@H]1CC[C@@]2(C1)CC[C@@H]1C[C@@H]3[C@]2([C@]1([C@@]1([C@H]3C(=O)C[C@H]1OC)O)C)C,0.7111691832542419,0.0
[C@]123[C@H]4[C@@H]([C@@H](C(=C1Nc1c2cccc1)C(=O)OC)/C(=C\C)CN4CC3)O,0.7120050191879272,0.0
c1ccc(cc1)[C@H]1C=C[C@@H]([C@@H]2[C@@H]1c1cccc3c1c2ccc3)c1ccccc1,0.7121656537055969,0.0
[C@@H]12[C@@]3([C@@H]([C@@H](C[C@H]1[C@H]1[C@@H](C2)[C@H]2[C@H](CC1)[C@H]([C@H]1N(C2)C[C@H](CC1)C)C)O)C[C@H](CC3)O)C,0.7122464776039124,0.0
CNC(=[NH2+])N[C@H]1CC[C@H](c2c1c(c1c(c2)C(=O)c2cc(cc(c2C1=O)O[C@H]1[C@@H]([C@H]([C@@H]([C@H](O1)CO)O)O)O)OC)O)Cc1ccc([n+]c1)N,0.7141934037208557,0.0
c1(c(c(cc(c1)O)C)O)C/C=C(/CC(=O)/C=C(\CC/C=C(/CC/C=C(/C)C)C)C)C,0.7160947918891907,0.0
[C@@]123[C@]4(C2)[C@H]([C@]([C@H](CC4)O[C@H]2[C@@H]([C@H]([C@@H]([C@H](O2)CO)O)O)O)(C)C)C[C@@H]([C@H]1[C@]1([C@](CC3)([C@H]([C@H](C1)O)[C@@H](CC[C@H]([C@@](O)(C)C)O)C)C)C)O,0.7163779735565186,0.0
C12C3C(C(CC3)C(C(C(C(C(CO)C)C)O)O)C)(CCC1C1(C(C(=O)OC2)CC(C(C1)O)O)C)C,0.7180387377738953,0.0
c1ccc(cc1)OC(=O)[C@@]([C@](F)(F)F)([C@](F)(F)F)Br,0.718097448348999,0.0
[C@@]123[C@](C2)([C@@H](C=C[C@H]1[C@]1([C@](CC3)([C@H](CC1)[C@@H](CC/C=C(\C(=O)O)C)C)C)C)C(=C)C)CCC(=O)O,0.7181957960128784,0.0
C/C=C(\C)C(=O)O[C@@]1(CCC[C@H]([C@@]21Cc1cc3ccc(=O)oc3cc1O2)c1cc[n+]c(c1)N)C,0.7196205258369446,0.0
CCCCCCCc1c2ccccc2n(c1N)C,0.7198110818862915,0.0
[C@@]1(C(=O)C2=COC(=CC2=CC1=O)C[C@@H](O)C)(OC(=O)/C(=C/C=C/CCCCCCCCC)C)C,0.7228891253471375,0.0
[C@@]1([C@H]([C@H](C(=O)C/C=C(/[C@@H](O[C@H]2[C@@H]([C@H]([C@H]([C@H](O2)C)O[C@H]2[C@@H]([C@@H]([C@H]([C@@H](O2)C)O)O)O)O)O)C/C=C(/C)C)C)C)CCC1)(C(=O)C/C=C(/[C@@H](C/C=C(\C)C)O)C)C,0.7249374389648438,0.0
C[C@H](CCC[C@H](C)C)[C@@H]1CC[C@H]2[C@@H]1CC[C@@H]1[C@@H]2C=C[C@]2([C@@H]1CC[C@@H](C2)O)Cl,0.7264820337295532,0.0
CN1CCc2cc3c4cc2[C@H]1Cc1ccc(c(c1)Oc1ccc(cc1)C[C@@H]1c2c(cc(c(c2O4)O3)OC)CCN1C)OC,0.7266404628753662,0.0
c12c(c3c(n2C#N)C(=O)c2c(C3=O)cccc2O)[C@@H]([C@H]([C@@]([C@@H]1OC(=O)C)(OC(=O)[C@H](C)C)C)OC(=O)C)O,0.7281346917152405,0.0
c12[C@@H](c3cc(c(c(c3)OC)O)OC)[C@@H]([C@H](Cc2cc(c(c1OC)O)OC)CO)CO[C@@H]1[C@H]([C@H]([C@H](CO1)O)O)O,0.7295586466789246,0.0
[C@@H]12[C@H](O2)C=C(C[C@H]2[C@H](CC=C1COC(=O)[C@@H](C)C)C(=C)C(=O)O2)COC(=O)C,0.7297325134277344,0.0
C[C@@H](C)CC[C@]1(C(=O)NC(=O)NC1=S)CC[C@H](C)C,0.7304669618606567,0.0
c12c(c(=O)c(c(o2)c2cc(c(cc2)O)O)OC)cc2c(c1C/C=C(\C)C)O[C@](C=C2)(C)C,0.7306166887283325,0.0
CC[C@H](Cc1ccc(c(c1)OC)O)[C@@H](C[C@H]([C@@H](Cc1cc(c(c(c1)OC)O)OC)CO)O)OCO,0.7329233288764954,0.0
c12c(O[C@H]([C@H]1CO)c1cc(c(cc1)O)OC)c(cc(c2)C[C@@H]1[C@H](C(=O)OC1)Cc1cc(c(cc1)O)OC)OC,0.7344305515289307,0.0
c1(oc2c(c(=O)c1)c(cc(c2OC)OC)O)c1c(c(c(cc1)O)OC)OC,0.7351670861244202,0.0
C/C(=C\CC/C(=C/Cc1c(cc(c2c1oc(cc2=O)c1ccc(cc1)O)O)O)C)C,0.7358475327491759,0.0
COc1cccc(c1)C(=O)Oc1ccc2cc(c(=O)oc2c1)c1nc2ccccc2s1,0.73676598072052,0.0
[C@@H]1([C@@H]([C@@H]([C@H]1C(=O)OC[C@H]1[C@@H]2N(CC1)CCC2)c1ccc(cc1)O)C(=O)OC[C@H]1[C@@H]2N(CC1)CCC2)c1ccc(cc1)O,0.736824631690979,0.0
[C@@]123[C@]4(C2)[C@H]([C@]([C@H](CC4)O[C@H]2[C@@H]([C@H]([C@@H]([C@H](O2)CO)O)O)O)(C)C)CC[C@H]1[C@]1([C@](CC3)([C@H]([C@H](C1)O)[C@@H]([C@H]1C[C@@H]([C@](O1)(C)C)OC(=O)C)C)C)C,0.7371772527694702,0.0
[C@]1([C@@H]2[C@H]([C@H](CC2)C)C[C@@H](CC1)C(=C)C)(OC)C,0.7373143434524536,0.0
[C@@H]1([C@@H]([C@@H]([C@H]1NC(=N)N)c1cc(c(cc1)O)O)NC(=N)N)c1cc(c(cc1)O)O,0.7378131747245789,0.0
c12c(O[C@H]3[C@@H]([C@H]([C@@H]([C@H](O3)CO)O)O)O)cccc1C[C@@H](OC2=O)c1ccc(cc1)O[C@H]1[C@@H]([C@H]([C@@H]([C@H](O1)CO)O)O)O,0.7385044097900391,0.0
C12C3(C(C(C(CC3)OC(=O)C)(C)C)CC(=O)C1C1(C(CC2=O)(C(CC1)C(CCCC(C)C)C)C)C)C,0.7386643886566162,0.0
[C@H]12[C@@](C[C@@H]([C@H]1C=CO[C@@H]2O[C@H]1[C@@H]([C@H]([C@@H]([C@H](O1)CO)O)O)O)O)(OC(=O)C)C,0.7391670942306519,0.0
C[C@H](CCCCCC(=O)CC(=O)/C=C(\CO)c1cc(c(cc1Cc1cnc(cc1CCc1cccc(c1)CCc1ccccc1)N)O)OC)C[NH2+]C,0.7396451830863953,0.0
COc1ccc(cc1)Oc1c(=O)c2ccc(c(c2oc1[C@](F)(F)F)C[NH+]1CCCCC1)O,0.7400605082511902,0.0
CCOC(=O)c1c2c(ccc(c2C[NH+]2CC[C@@H](CC2)C)O)oc1c1ccccc1,0.7408593893051147,0.0
C12C3C(C(CC3)C(C(C(C(C(CO)C)C)O)O)C)(CCC1C1(C(C(=O)OC2)CC(C(C1)O)O)C)C,0.7421136498451233,0.0
C(C(=O)O)[C@@H](C(=O)O)NCCN[C@@H](CC(=O)O)C(=O)O,0.7440051436424255,0.0
Cc1c(ccc2c1O/C(=C/c1cn(c3c1cccc3)C)C2=O)O[S@@](=O)(=O)c1ccc(cc1)Cl,0.7448846101760864,0.0
C12C(C3(C(CC2)CC(=O)CC3)C)CCC2(C1CCC2OC(=O)C1CCCCC1)C,0.7457769513130188,0.0
[C@H]12[C@]([C@@H](C[C@@]1(OC(=O)c1cc(c(cc1)OC)OC)C)O)(C=CO[C@H]2O[C@H]1[C@@H]([C@H]([C@@H]([C@H](O1)CO)O)O)O)O,0.7467828392982483,0.0
Cc1c(c(on1)c1ccc(cc1O)OCc1c(cccc1Cl)F)c1ccccc1OC,0.746909499168396,0.0
C(=O)(OCC)/C=C/C,0.7489526867866516,0.0
C12C(C3C(CC2)CCC3)CCC2C1CCC(C2)OC1OC(C(C(C1O)O)O)CO,0.752984344959259,0.0
[C@@H]12N(C(=O)C3=CO[C@H]([C@@H]([C@@H]3C2)C=C)O[C@H]2[C@@H]([C@H]([C@@H]([C@H](O2)CO)O)O)O)CCc2c1cc(c(c2)OC)O,0.7553876042366028,0.0
[C@]12([C@@H]([C@H](CC2)[C@H](CC/C=C(/COC(=O)c2cc(cc(c2)[N+](=O)[O-])[N+](=O)[O-])C)C)CC=C([C@H]2[C@H](C1)C(=C)CC2)C)C,0.7555827498435974,0.0
[C@@H](CC/C=C(\C)C)(CO)C,0.7556853890419006,0.0
[C@@]123[C@@H]([C@@]4([C@@](OO2)(C=C3)C[C@H](CC4)O)C)CC[C@]2([C@H]1CC[C@@H]2[C@@H]([C@@H]1[C@H](C1)[C@@H]([C@@H](C)C)C)C)C,0.7587907910346985,0.0
C(=O)(Oc1c2c3C45C(C(Cc3cc1)N(CC5)C)C=CC(C4O2)O)C,0.7597965002059937,0.0
O1C(C(C(C(C1Oc1c(=O)c2ccccc2oc1c1ccccc1)OC1OCC(C(C1O)O)O)O)O)CO,0.7614657282829285,0.0
c12c(=O)c3c(oc1cc(c(c2C/C=C(/C)C)OC)O)c(c(cc3O)O)C/C=C(/CC/C=C(/C)C)C,0.7615833878517151,0.0
c12c3c4[C@@H]([C@](C)(C)C)CCC(=CCn3cc2C[C@H](NC(=O)[C@@H](N(c1cc4)C)[C@@H](C)C)CO)C,0.7632635235786438,0.0
C(COP(=O)(OP(=O)(O)O)O)(COC(=O)CCCCCCCCCCCCCCC)OC(=O)CCCCCCC/C=C\CCCCCCCC,0.7642707824707031,0.0
C1C(CC2C(C1)(C1C(C=C2)C2C(C(C1)O)(C(CC2)C(CCC(=O)O)C)C)C)O,0.7649373412132263,0.0
N(=N)C(=O)C,0.7657181620597839,0.0
C[C@H]1[C@H]([C@H]([C@H]([C@H](O1)Oc1cc2c(c(c1[C@H]1CCCC1)O)C(=O)c1c(cc(cc1C2=O)OC(=O)C)CO)O)O)O,0.7662092447280884,0.0
c1c(cc2c(c1)C1C(C(C2)CCCCCCCCCCC(=O)N(CCCC)C)C2C(CC1)(C(CC2)O)C)O,0.7670271992683411,0.0
[C@]123[C@]([C@@H](OC2=O)C[C@@H]([C@@H]1O)C)(C(=O)c1c(O3)cc(c(c1)O)c1cc2c(cc1O)C(=O)C1=C(C[C@H]([C@@H]([C@]1(O2)C(=O)OC)O)C)O)O,0.7692492008209229,0.0
[C@@]12([C@@]34[C@@H]5[C@@H](O5)C(=C[C@H]3O[C@H]([C@]31OC3)C[C@H]2OC(=O)C=CC=C[C@@H](OCCC(=CC(=O)OC4)C)[C@@H](O)C)C)C,0.7713115215301514,0.0
[C@@H]1([C@H]([C@@H]([C@H]([C@H](O1)CO)O)O)O)O[C@@H]1[C@H]([C@H]([C@H](O[C@@H]1CO)O[C@@H]1[C@H]([C@@H]([C@H](N[C@H]2[C@@H]([C@H]([C@@H](C(=C2)CO)O)O)O)C[C@H]1CO)O)O)O)O,0.7715052366256714,0.0
CCCCCCCCCCNC(=O)N[C@](C)([C@@](F)(F)F)[C@](F)(F)F,0.7717875242233276,0.0
CCCCC[C@@]1(CCCC1)OC(=O)[C@@]12C(=O)c3ccccc3C(=O)[C@@]1(O2)C/C(=C(\C)CCc1cc[n+]c(c1)N)CO,0.7729571461677551,0.0
CCOC(=O)c1c2cc(ccc2oc1c1ccc(cc1)OC)OC(=O)N(C)C,0.7730661034584045,0.0
[C@]12([C@H](c3c([C@](C1=O)(C)C)cc(c1c3cc(c(c1)C)O)O)Oc1c(O2)c(c2c(c1)c1c(c(c2)OC)cc(c(c1)O)C)C)OC,0.7734513878822327,0.0
c12c(c(c(c(c1CC[C@@](O)(C)C)C/C=C(/C)C)O)O)oc1c(c2=O)c(cc2c1cco2)O,0.7738627791404724,0.0
c12c(C(=O)C[C@H](O2)c2ccccc2)ccc(c1/C=C/[C@@H](C)C)O,0.7742255926132202,0.0
[C@]123c4c(cc(c(c4)OC)O)CCN2CCC1=CC(=O)C(=C3)OC,0.77604079246521,0.0
[C@@H]1([C@@H](C[C@H](CCCCCCCCC[C@@H](CCC2=C[C@@H](OC2=O)C)O)O)OC(=O)C)O[C@H](CC1)[C@H](CCCCCCCCCCCC)O,0.7782448530197144,0.0
CC1=C2C3=CC=C4C(=C(C(=O)C=C4[C@@]3(CC[C@]2([C@@H]2C[C@]([C@H](C(=O)[C@@]2(C1)C)O)(C)C(=O)OC)C)C)O)C,0.7814697623252869,0.0
C12C3C(C4(C(=CC(=O)NCC4)CC3)C)CCC1(C(CC2)C(CCCC(C)C)C)C,0.7824918031692505,0.0
[C@]12([C@@H](O1)C[C@H]1[C@H](CC(=CCC2)COC(=O)C)OC(=O)C1=C)C,0.784537672996521,0.0
[C@]12([C@@H]3[C@H](C[C@H]1[C@H]1[C@H](CC2)[C@@]2([C@@H](CC1)C[C@H](CC2)O)C)O[C@@]1([C@H]3C)[C@@H](C[C@H](CN1)C)O)C,0.7850128412246704,0.0
[C@@]123[C@H]([C@@H](NC2=O)Cc2ccccc2)[C@@H]([C@H]([C@H]([C@@H]1C=CC[C@@H](C(=O)[C@@](C=C[C@H]3OC(=O)C)(O)C)C)O)C)C,0.7850434184074402,0.0
c12c(c(c(c(c2)OC)OC(=O)C)OC)CCc2c1c(cc(c2)OC(=O)C)OC,0.7858669757843018,0.0
COc1cc2c(cc1O)[C@@H](C#C[C@@H](C(=O)CC2)[C@@H](CCCC[C@H]1C[C@H]2CCC(=O)C[C@H]2[NH2+]C1)O)CCCO,0.7872540950775146,0.0
n1(C2OC(C(C2O)OP(=O)(O)O)COP(=O)(OP(=O)(OCC(C(C(=O)NCCC(=O)NCCSC(=O)CC(=O)CCCC2C(C(=O)CC2)C/C=C\CC)O)(C)C)O)O)c2c(nc1)c(ncn2)N,0.7885093688964844,0.0
[C@H]1(OC[C@@H]([C@@H]([C@H]1O)O)O)O[C@H]1CC[C@]2([C@@H]([C@@]1(C)C)CC[C@@]1([C@@H]2CC=C2[C@]1(CC[C@@]1([C@H]2[C@@H]([C@@](CC1)(C)C)O)C(=O)O)C)C)C,0.7900534272193909,0.0
C1(OC2C(C(C(C(O2)CO)O)NC(=O)C)O)C(C(OC2OC(C(CC2N)O)CN)C(CC1N)N)O,0.7902168035507202,0.0
[C@]123[C@@]([C@@H]4[C@@H](C[C@H]1O2)[C@H]1[C@](CC4)([C@H](CC1)[C@@H]([C@@H]1OC(=O)C(=C(C1)C)CO)C)C)(C(=O)CC[C@@H]3O)C,0.7939140796661377,0.0
C(=O)(OCC1OC(OC2C3C(C(=CO2)C)CCC3C)C(C(C1OC(=O)C)OC(=O)C)OC(=O)C)C,0.7948152422904968,0.0
c12c(C(=O)C[C@H](O2)c2cc(c(c(c2)C/C=C(/C)C)O)C[C@H](C(=C)C)O)ccc(c1C/C=C(\C)C)O,0.7961940169334412,0.0
C12=CC(=O)C3C(C2CCC2(C1(CCC2C(CCCC(C)(C)O)C)O)C)(CCC(C3)O)C,0.7963219881057739,0.0
Cc1ccc(cc1)[S@@](=O)(=O)Oc1ccc2c(c1)O/C(=C\c1ccc(c(c1OC)OC)OC)C2=O,0.7965936064720154,0.0
[C@@H]12[C@@H](C[C@@H](C(=C1)C)OO2)[C@@H](CC/C=C(\C)C)C,0.7973528504371643,0.0
CC1=CC[C@H](Cc2cccc(c2)C[C@@H]([NH2+]C1)CC[NH2+]C)C(=C)/C=C/C=C(/CO)[C@@H]1CC[C@]2([C@@H]1O)[C@H]1[C@@H](C=C[C@H](C\1=C(/C)C=O)C[C@@]2(CC[NH2+]C)O)CCO,0.7985949516296387,0.0
c1([C@@H](Cc2ccc(cc2)OC(=O)C)COC(=O)C)cc(c(cc1)OC(=O)C)OC,0.8007626533508301,0.0
C123c4c5OC2C(C=CC1C(Cc4ccc5O)N(CC3)C)OC,0.8011237978935242,0.0
[C@H]12[C@H](OC(=O)C2=C)C=C([C@H](CC=C(C[C@H]1OC(=O)/C(=C/C)CO)CO)OC(=O)C)C,0.8016078472137451,0.0
CC(=O)O[C@@H](CCCCCCc1ccccc1)C[C@@H](CCc1cc(c(c(c1)OC)O)Cc1cc[n+]c(c1)N)OC(=O)C,0.8026203513145447,0.0
[C@@H]12[C@@H]3[C@@H]([C@@H](C=C3C)OC(=O)C)C(=C)C[C@H]([C@H]1C(=C)C(=O)O2)OC(=O)/C(=C/CO)CO,0.8063054084777832,0.0
C12C(C3C(CC2)(C(CC3)C(CCCC(C)C)C)C)CC(C2(C1(CCCC2)C)O)O,0.8087864518165588,0.0
[C@]12([C@H](c3c([C@@H](C2)O)c(c2c(c3)cc(c(=O)o2)C)C)C[C@]2([C@H]1CC[C@@H]1C(=C2)C=CC(=O)O[C@]1(C)C)O)C,0.8098398447036743,0.0
[C@]12(c3c([C@@H](C(=O)c4c1cc1c(c4O)[C@@H](O[C@@H](CC(=O)OC)C1)C)C2)c(c1c(C(=O)C(=C(C1=O)O)C[C@H](CC(=O)O)O)c3O)O)OC(=O)C,0.8099806308746338,0.0
[C@]12([C@@H]([C@@]1(C)C)[C@H]1[C@]([C@@H](C2)C)([C@@H]2[C@](CC(=C1)CO)(C(=O)C(=C2)C)O)O)OC(=O)CCCCCCC[C@@H]1[C@H](C1)C,0.8127514123916626,0.0
Cc1cc(c(c2c1C(=O)/C(=C/c1cccc(c1OC)OC)O2)C[NH+]1CCCC1)O,0.8128786683082581,0.0
[C@@]12([C@]3([C@H]4C[C@H]2OC(=O)C=CC=C[C@@H](OCCC(=CC(=O)OC[C@@]21[C@H](O4)C=C(CC2)C)C)[C@H](O)C)OC3)C,0.8135527968406677,0.0
c1cc2c(cc1CCCCCCCCCCCCCCCCCCCCC(=O)[O-])OCO2,0.8138759732246399,0.0
N12C(C(CC2)OC(=O)C)CCC(C1)NC(=O)C,0.8147169351577759,0.0
c12[C@@H](c3cc(c(c(c3)OC)O)OC)[C@@H](C(=Cc1c(c(c(c2)OC)O)OC)C)C,0.8163608908653259,0.0
c1(c(c(=O)c2c(o1)cccc2)OC1OC(C(C(C1O)O)O)COC1C(C(C(CO1)O)O)O)c1ccccc1,0.8167157173156738,0.0
[C@@]12([C@@H](O2)C=C[C@H]([C@H]1OC(=O)c1ccccc1)O)COC(=O)c1ccccc1,0.818608820438385,0.0
[C@]12(c3c(O[C@@H]1Nc1c2cccc1)c(c1c(c3OC)O[C@H]2[C@@]1(c1c(N2)cccc1)O)OC)O,0.8194603323936462,0.0
[C@@]123[C@]4(C1)[C@H]([C@]([C@H](CC4)O)(C)C)CC[C@H]2[C@]1([C@@]([C@H](CC1)[C@@H](CCC(=C)[C@H](C(=O)O)C)C)(CC3)C)C,0.8199551701545715,0.0
COC(=O)c1ccc(cc1)Oc1coc2cc(ccc2c1=O)OC(=O)c1cccs1,0.8232475519180298,0.0
Cc1ccsc1/C=C\1C(=O)c2ccc(cc2O1)OC(=O)c1ccc(cc1)OC,0.8247833251953125,0.0
C1(C(C(C(C(O1)C)O)O)O)OC1C(Oc2cc3c(C(=O)CC(O3)c3ccccc3)cc2)OC(C(C1O)O)CO,0.825840175151825,0.0
[C@]123[C@H](O1)CCC(=C[C@@H]1[C@@H]([C@H](C2)OC(=O)C(=C)CO)C(=C)C(=O)O1)CO[C@H]3O,0.8281389474868774,0.0
[C@@]12([C@@H]([C@@H]3[C@@H](CC2)[C@]2(C(=CC3)C[C@@H](CC2)O)C)CC[C@@H]1[C@H](/C=C\[C@H]([C@H](C)C)CC)C)C,0.8287448883056641,0.0
C12C(OC(C(C2O)NC)OC2OC(C(C(C2O)O)N)CO)CC(C(O1)OC1C(CC(C(C1O)O)N)NC(=O)C)N,0.8316042423248291,0.0
CCCCC[C@@H]1C[C@@]2([C@H]3CC[C@@]4([C@@H]5[C@@H](C[C@@]4([C@@]3(C[C@H]3[C@@]2([C@@H]([C@H]1O)CC[C@@H](C3)[C@@H](C)C)O)O)O)C=C([C@H]1C5=CC(=O)O1)CNCC[NH2+]C)C)C=O,0.8332154154777527,0.0
COc1cccc2c1oc(c2)c1cc(=O)oc2c1cc(cc2)OC(=O)[C@@H]1CC1,0.8399983048439026,0.0
CN1CCc2cc3c4cc2[C@H]1Cc1ccc(c(c1)Oc1ccc(cc1)C[C@H]1c2c(cc(c(c2O4)O3)OC)CCN1)OC,0.8409425616264343,0.0
C(=O)(/C=C\C=C\C)OC,0.8441542983055115,0.0
[C@H](C(=O)O[C@H](CC(=O)N)CCCCCCCCCC[C@H](C)C)(NC(=O)C[C@H](CCCCCCCCCCC[C@@H](C)C)O)CCCC(=O)O,0.8449108600616455,0.0
CCOC(=O)C1=C/C(=C\C[C@H](C)C)c2c(cc3c(c2OCCCO)C[C@H](O3)[C@](C)(C)O)O1,0.8457779288291931,0.0
CCCC[C@@H]1CC[C@@H]2[C@@H](C1)[C@@H]([C@@H](O2)[C@H]([C@@](C)([C@H]1CC[C@@]2([C@@]1(CC[C@H]1[C@H]2/C(=N/C[C@H](C)O)C(=O)[C@H]2[C@@]1(C[C@@H]([C@@H](C2)O)O)C)C)O)O)O)C,0.8465140461921692,0.0
[C@@]1([C@H]([C@@H](OC1)O[C@H]1[C@@H](O[C@@H]([C@H]([C@@H]1O)O)CO)Oc1ccc(cc1)[C@@H]1Oc2c(C(=O)C1)ccc(c2)O)O)(CO)O,0.8490914106369019,0.0
[C@]12([C@@]([C@@H](/C=C/[C@H]([C@H](C)C)C)CO)(CC[C@H]1[C@H]1[C@H](CC2)[C@@]2([C@@H](CC1)CC(=O)C=C2)C)O)C,0.8522882461547852,0.0
C[C@](C)([C@@H]1Cc2c(cc3c(c2OC)c(=O)c(c(o3)[C@@H](CC/[NH+]=C(\N)N)O)Cc2ccc(cc2)NO)O1)O,0.8529060482978821,0.0
[C@]1(C=C[C@@H]([C@H](CC/C=C(\C)C)C)CCC(=CCC1)C)(O)C,0.8538927435874939,0.0
c1(c(c(c2c(c1O)cccc2)O)CC[C@@](O[C@H]1[C@H]([C@H]([C@@H]([C@@H](O1)CO)O)O)O)(C)C)C(=O)OC,0.8542287945747375,0.0
COc1ccccc1c1c(=O)c2ccc(cc2oc1[C@](F)(F)F)OC(=O)[C@H]1CCCCC1,0.8543832302093506,0.0
COc1cc(cc(c1O)CCCO)[C@@H]1[C@@H](Cc2c(cc(c3c2CCc2c3ccc(c2)O)OC)O1)O,0.8576151132583618,0.0
Cc1cc2cc(cc(c2c(c1C(=O)CCc1ccccc1CCc1ccccc1)O)O[C@H]1[C@@H]([C@H]([C@@H]([C@H](O1)[C@@]1(CCCCC1)O)O)O)O)C(=O)[O-],0.8586956262588501,0.0
[C@@]12(O[C@@](CC1)(C[C@@H](CCCCCCCCCCCCCCC)O)OC)C=CC(=O)C=C2,0.8603325486183167,0.0
C(#CC#CCCCCC#CCCO)C#CCCCC/C=C\C#C,0.8617970943450928,0.0
c1(c(c(ccc1)O)C(=O)O)CCCCC/C=C\CCCCCC,0.8629724383354187,0.0
[C@@]123[C@H]([C@]([C@]4(C1)c1c(NC4=O)c4c(cc1)O[C@@](C=CO4)(C)C)(C)C)C[C@@]1(C(=O)N2C)N(C3)CC[C@@H]1C,0.8658888936042786,0.0
c12c3c(cc4c(c3OC)OCO4)C[C@H]([C@@]([C@H](c1cc(c(c2OC)OC)OC)OC(=O)/C(=C\C)C)(O)C)C,0.8671699166297913,0.0
[C@@H](c1nc(co1)[C@H](C[C@H]([C@H]([C@H](O)C)O)O)O)(c1ocnc1)OC(=O)CCCCCCCCCCCC,0.8675606846809387,0.0
C(=O)(/C=C/[C@@H](C)C)OCC,0.8732708096504211,0.0
CCCCCCCCCCCCCCCC(O)CC(=O)SCCNC(=O)CCNC(=O)C(O)C(C)(C)COP(=O)(O)OP(=O)(O)OCC1OC(C(O)C1OP(=O)(O)O)n1c2c(nc1)c(N)ncn2,0.8739088177680969,0.0
[C@@]12([C@H]([C@H]3[C@H](CC2)[C@@]2([C@@H](C(=O)C3)C[C@H](CC2)O)C)CC[C@@H]1[C@@H](C(=O)C1=NC[C@@H](C1)C)C)C,0.8755421638488771,0.0
C[C@H]1Cc2ccccc2N1NC(=O)C[C@H]1CCCCC1,0.8767507076263428,0.0
Cc1cc(=O)c2c(o1)cc1c(c2O)C[C@H]([C@](O1)(C)C)OC(=O)[C@@]1([C@H](O1)CCC/[NH+]=C(\N)N)CCCO,0.8769983649253845,0.0
c1(c2c3c(C(=O)c4c(C3=O)cc(cc4O)OC)c(cc2O)O)c2c(C(=O)c3c(C2=O)cc(cc3O)OC)c(cc1O)O,0.8782028555870056,0.0
c12c3[C@@H](Cc4c1cc(c(c4)Oc1ccc(cc1)C[C@H]1c4c(cc(c(c4)OC)O)CCN1C)O)N(CCc3cc(c2O)OC)C,0.8810933828353882,0.0
c12c(C(=O)c3c(C1=O)cc(cc3O)C)c(cc(c2)OC1(COCC1(O)CO)O)OC1OC(C(C(C1O)O)O)CO,0.881186842918396,0.0
C1C(CC2=CCC3C(C2(C1)C)CCC1(C3CCC1(OC(=O)CC)C)C)OC(=O)CC,0.8828042149543762,0.0
COc1cc(ccc1O)[C@@H]1[C@H]2CO[C@@H]([C@H]2CO1)c1ccc(c(c1)OC)O[C@@H]1[C@@H]([C@@H]([C@H]([C@H](O1)CO)O)O)O,0.8831604719161987,0.0
c12c3c([C@@H](Cc1c(=O)c1c(o2)c(c(cc1O)O)C/C=C(/C)C)C(=C)C)c(c(cc3O)OC)O,0.8857176303863525,0.0
Cc1cc2c(c(c1)O)C(=O)c1c(cc(cc1O)OC)[C@H]2[C@H]1c2cccc(c2C(=O)c2c1cc(cc2O)C(=O)[O-])O,0.8872973918914795,0.0
C[C@H]1[C@H]([C@H]([C@H]([C@H](O1)Oc1c(c(c2c(c1CC1=C[CH2+]N=C1)C(=O)c1cc(ccc1C2=O)OC(=O)C)O)CCCCO)O)O)O,0.8876078724861145,0.0
[C@@]12(c3c(N[C@H]1N(CC2)C)cc(c(c3)C/C=C(\C)C)Br)[C@](C=C)(C)C,0.8884169459342957,0.0
[C@H]1(N2CN(CCC2)CCCCN(CCCNC(=O)C1)C(=O)/C=C\c1ccccc1)c1ccccc1,0.8941237330436707,0.0
[C@@]12([C@@H]([C@@H]3[C@H]([C@@]4(C(=CC3)C[C@H](CC4)O)C)CC2)CC[C@@H]1[C@@H]([C@H](CC[C@@H](CO)C)O)C)C,0.8949605822563171,0.0
COc1ccccc1C(=O)OCC(=O)Oc1ccc(cc1)/C=C/C(=O)c1ccccc1,0.8951131105422974,0.0
[C@@]1(c2c(C(=O)O1)c(ccc2)O)(CCCCCC)O,0.8963493108749391,0.0
C12C3C(c4c(CC3)cc(cc4)OC)CCC1(C(C(C2)(O)CCCC)O)C,0.896469235420227,0.0
C[C@H]1[C@H](C[C@H]2[C@@H]1[C@@H](OC=C2C(=O)OC)O)O,0.9012715816497803,0.0
COc1cc(cc(c1O)OCO)C[C@H](CO)[C@@H](C[C@H](CCc1ccc(c(c1)O[C@H]1CCCCC1)O)OCO)O,0.905373215675354,0.0
C1(C(C(C(OC1CO)O)NCC)OC(C(=O)NC(C(=O)NC(CCC(=O)NC(C(=O)NC(C(=O)O)C)CCCCN)C(=O)N)C)C)OC1C(C(C(C(O1)CO)OC1OC(C(C(C1O)O)O)CO)O)NC(=O)C,0.9107479453086852,0.0
c12c(c(=O)c(co2)c2ccc(cc2)OC)ccc(c1O)O[C@H]1[C@@H]([C@H]([C@@H]([C@H](O1)CO[C@@H]1[C@H]([C@H]([C@@H]([C@H](O1)C)O)O)O)O)O)O,0.9170750379562378,0.0
[C@@]12([C@H]([C@H]3[C@H](CC2=O)[C@@]2([C@H](CC3)CC(=O)CC2)C)CC[C@@H]1[C@@H](CCC(=O)OC)C)C,0.9172001481056212,0.0
[C@@H]1(O[C@@H](CC1)C#C/C=C/CCCCCC/C=C/Br)CCCC(=O)OC,0.9182083010673524,0.0
Cc1c(c(=O)c2ccc(cc2o1)OC(=O)c1cccc(c1)OC)Oc1ccccc1Br,0.9192761182785034,0.0
COc1ccccc1c1c(=O)c2ccc(cc2oc1[C@](F)(F)F)OC(=O)[C@@H]1CC1,0.9202653765678406,0.0
CCC/C=C/C(=O)CCc1cc(c(c(c1)O[C@H]1CCCC1)O)C[C@H]1C[C@@H](C=C[C@@H]1OC)C/[NH+]=C(\N)N,0.9203894734382628,0.0
CC(=O)O[C@H](CCc1ccc(c(c1)O[C@H]1CC[NH2+]CC1)O)C[C@H](CC[C@H]1CCC=C[C@@H]1NC(=[NH2+])NC)O,0.9217223525047302,0.0
Cc1c(c2cc(ccc2n1C)OC(=O)c1ccc(c(c1)OC)OC)C(=O)OC,0.9217259883880615,0.0
C[C@@H]1CC[C@@]2(CC[C@@]3(C(=CC[C@@H]4[C@]3(CC[C@@H]3[C@@]4(C[C@H]([C@@H]([C@@]3(C)C)O)O)C)C)[C@@H]2[C@]1(C)O)C)C(=O)[O-],0.9226101040840148,0.0
[C@]12([C@@]([C@H](CC2)[C@@H](C[C@H]2OC(=O)[C@@H](C2)C)C)(CC[C@@H]2C1=CC[C@H]([C@@]2(CCC(=O)OC)C)C(=C)C)C)C,0.9227643609046936,0.0
c1(C2=C(C(=O)C(=C(C2=O)O)c2c3c(n(c2)[C@@](C=C)(C)C)cccc3)O)c2c(n(c1)[C@](C=C)(C)C)cccc2,0.9246882200241088,0.0
[C@@H]12[C@@]3([C@H](C(=O)[C@H](CC3)N(C)C)CC=C1[C@H]1[C@](CC2)([C@H](CC1)[C@@H](CC1=NCCC\1=C(\C)C)C)C)C,0.92473703622818,0.0
[C@H]1([C@@H](C1)C=C)/C=C/CCCC,0.9249827265739441,0.0
[C@]123C4=C([C@H]([C@@H]([C@@H]1[C@@H](C(=O)O3)C)O)CC)CCCCN4[C@@H](C2)[C@H]1OC(=O)[C@H](C1)C,0.9274514317512512,0.0
c1(c(c(c(c(c1O)Cl)C)C=O)O)C/C=C(/CC[C@@]1([C@@H](C(=O)CC[C@@H]1C)C)C)C,0.928508996963501,0.0
[C@]1([C@H](Cc2c(O1)oc1c(c2=O)ccc(c1)O)O)(CC/C=C(/CC/C=C(/C)C)C)C,0.930807650089264,0.0
[C@@]12([C@H]([C@H]3[C@H](CC2)[C@@]2(C(=CC(=O)CC2)CC3)C)CC[C@@H]1[C@@H](CCC(=C)[C@H](C)C)C)C,0.9309859275817872,0.0
[C@H]1([C@H](N[C@@H]([C@@H]1O)CO)CCCCCCCCCC(=O)CCCO)O[C@H]1[C@@H]([C@H]([C@@H]([C@H](O1)CO)O)O)O,0.9318552017211914,0.0
[C@H]12[C@@H]([C@]3([C@H](C(=C)CC3)C)C)C[C@@H]2C(=C1)CO,0.9334664940834044,0.0
C[C@@H](C)c1c2c(c(=O)cc(o2)[C@@H](CC/[NH+]=C(\N)N)O)c(c2c1O[C@@H](C2)[C@](C)(C)O)O[C@H]1CCCC1,0.934014856815338,0.0
Cc1c2cc(ccc2oc(=O)c1c1ccc(cc1)Cl)OC(=O)c1ccco1,0.9345238208770752,0.0
[C@@]12([C@@H](C3=CC=C4[C@@]([C@@H]3CC2)(CC[C@@H](C4)O)C)CC[C@@H]1[C@@H](/C=C/[C@H]([C@H](C)C)CC)C)C,0.9359800815582277,0.0
[C@@H]12[C@@]([C@H]([C@@](C[C@@H]2O[C@H]2[C@@H]([C@H]([C@H](CO2)O)O)O)(O)C)CC/C(=C/CO)C)(CCC[C@@]1(CO)C)C,0.9360111951828004,0.0
COc1ccc(cc1OC)c1coc2cc(cc(c2c1=O)OCc1ccc(cc1)Cl)OCc1ccc(cc1)Cl,0.9368802309036255,0.0
c1([C@H]2Oc3c(c4c(cc3C(=O)C2)C=C[C@@](O4)(C)C)C/C=C(/C)C)c(c(c2c(cc(cc2)O)O)cc(c1O)O)O,0.9372039437294006,0.0
C(=O)(c1ccccc1)OC/C=C/C(=O)/C=C/C(=O)OCC,0.9372335076332092,0.0
[C@@]12(C(=CC(=O)[C@H](C2)C(=C)C)CC[C@H]([C@@H]1C)OC(=O)[C@H](C)C)C,0.93869149684906,0.0
C1(C(C(C(OC1CO)O)NC(=O)C)OC(C(=O)NC(C(=O)NC(C(=O)NC(C(=O)NC(C(=O)O)C)CCCCN)CON)C)C)OC1C(C(C(C(O1)CO)O)O)NC(=O)C,0.9402747154235841,0.0
C(C(CCCC(=O)O)O)(SCC(C(=O)O)NC(=O)C)/C=C/C=C/C=C\C/C=C\CCCCC,0.9404056072235109,0.0
c12c([C@@](C(=C(C1=O)CC1=C([C@](c3c(C1=O)c(c(c(c3)O)C(=O)C)O)(C)C)O)O)(C)C)cc(c(c2O)C(=O)C)O,0.9411588311195374,0.0
CC[NH2+][C@@H]1C=C2C=CCC[C@H]2C[C@H]1[C@H](CCCO)OC(=O)[C@@]12C(=O)c3ccccc3C(=O)[C@@]1(O2)C/C=C(\C)C[C@H](c1cc[n+]c(c1)N)NC(=[NH2+])NC,0.9424139857292176,0.0
c1ccc(cc1)[C@]1(CCCCC1)C[C@@H]1c2cc(c(cc2N([C@H]1C(=O)[O-])C(=O)/C=C/c1ccc(c(c1)CC1=N[CH2+]N=C1)O)O[C@]1([C@@H]([C@H]([C@@H]([C@H](O1)CO)O)O)O)O)O,0.9433156251907348,0.0
C[C@H]1[C@@H]2[C@@H]3CCC[C@H]([NH+]3CCC=C2OC\1=C\1C(=C(C(=O)O1)C)OC)[C@H](CC[C@H](C)C)O,0.9433329701423644,0.0
c12c(c3c(cc2occ(c1=O)c1c(c2c(cc1)O[C@@H](C2)[C@](O)(C)C)O)O[C@@H](C3)[C@](O)(C)C)O,0.9437381625175476,0.0
[C@@H](/C=C/C=C/C(=O)O)(CC)C,0.9469982385635376,0.0
[C@]12([C@H](C(=O)O[C@@H]3C[C@]4(O[C@H](C3)CC=C(C[C@H](C=CC=C1CO)C)C)O[C@@H]([C@H](CC4)C)C)C=C([C@H](C2)OC)C)O,0.9471466541290284,0.0
c12c(c(=O)c3c(o2)oc2c3cc(c3c2C=C[C@](O3)(C)C)O)c(c(c2c1C=C[C@](O2)(C)C)C/C=C(\C)C)O,0.9502183198928832,0.0
C[C@@H](CNCOc1cc(ccc1O)CC[C@H]1C[C@@H](C[C@H](O1)c1cc(c(c(c1)O[C@H]1CCCC1)O)OC)O)O,0.9503832459449768,0.0
C(=O)(CCC(=O)CCCCCCC/C=C/C/C=C/CC=C)SCCNC(=O)CCNC(=O)C(O)C(C)(C)COP(=O)(O)OP(=O)(O)OCC1OC(C(O)C1OP(=O)(O)O)n1c2c(nc1)c(N)ncn2,0.95164954662323,0.0
N#CCN=C,0.9565941095352172,0.0
c1(ccc2c(c1)oc(=O)c(c2)c1cccnc1)OC(=O)C,0.9566209316253662,0.0
[C@]123[C@H]([C@@H]([C@]4([C@@H]([C@@H]1C=CC[C@@H](C(=O)[C@@](C=COC(=O)O3)(O)C)C)O4)C)C)[C@H](NC2=O)Cc1ccc(cc1)OC,0.956811785697937,0.0
Cc1cc2c(c(c1CNC(=[NH2+])NC)O)C(=O)c1c(cc(c(c1C2=O)CO)OC)O[C@H]1[C@@H]([C@H]([C@@H]([C@H](O1)CO)O)O)O,0.9587514996528624,0.0
C(=S)=NCC,0.9596565961837769,0.0
[C@@]12(C(=O)[C@@]3(C(=C(C2=O)C/C=C(/C)C)O[C@@H](C3)[C@@](O)(C)C)C[C@@H]([C@@]1(C)C)C/C=C(/C)C)C(=O)[C@H](C)C,0.9748004078865052,0.0
[C@@H]12[C@]([C@@H]([C@H](C[C@]1(C(=CCC2)C)C)OC(=O)CCC(=O)O)CO)(CCc1cocc1)C,0.975004017353058,0.0
C=CCCC/[N+]=C/C=S,0.9755012989044192,0.0
Cc1c2cc(ccc2oc(=O)c1c1ccc(cc1)OC)OC(=O)c1ccccc1,0.9768597483634949,0.0
C[C@H]1C=C[C@H]2CCCC[C@]2([NH2+]1)Oc1cc(c2c3c1[C@@H](Nc1c3c(c3c(c1)OC[C@H]([C@@H]3O)c1cc(c(c(c1)OC)O)OC)CC2)O)OC,0.9808278679847716,0.0
[C@]12([C@](CCC(=C(\C=O)C)\[C@H]1CCCOC(=O)CCCCCCC)(O)C)[C@@H](O[C@H](C2)/C=C(/C=C/C1=C(CC[C@@H]([C@@]1(C)C)C)C)C)O,0.986311972141266,0.0
c1cc(ccc1[C@H]1Cc2ccc3c(c2)[C@]2(CCCC[C@@H]2CC3)[C@@H](CC=CC[C@@H]1CCCCCC[C@H]1CCC(=C1)CC[NH3+])C(=O)[O-])O,0.9940438866615297,0.0
[C@@H]1(O[C@H](CC1)[C@@H](CCCCCCCCCCCC)O)[C@H](CCCCC(=O)CCCCCCCC1=C[C@@H](OC1=O)C)O,0.9950189590454102,0.0
C(=O)(C(=O)N)O,0.9958979487419128,0.0
[C@H](C(=O)OC)(CC)C,0.9961670041084292,0.0
Cc1c(c(c(c(c1I)C)C)I)C,0.996864378452301,0.0
C(C=C)C#N,0.9976702332496644,0.0
C[C@@H](C[NH2+]C[C@@H]1[C@H]2C[C@H](N[C@H]([C@@H]2O[C@@H]1[C@H]([C@](C)([C@H]1CC[C@@]2([C@@]1(CC[C@H]1C2=CC(=O)[C@H]2[C@@]1(CC[C@@H](C2)OCCCOC)C)C)O)O)O)O)C(=O)N1CC1)O,0.998694121837616,0.0
C(=C)CS,0.9994621872901917,0.0
C(#N)SCC,0.99974924325943,0.0
